# generator = UDPipe 2, https://lindat.mff.cuni.cz/services/udpipe									
# udpipe_model = russian-syntagrus-ud-2.6-200830									
# udpipe_model_licence = CC BY-NC-SA									
1	Я	я	PRON	_	Case=Nom|Number=Sing|Person=1	_	_	_	@uad1986m_words#@uad1986m#3.97#4.465
2	никогда	никогда	ADV	_	Degree=Pos	_	_	_	@uad1986m_words#@uad1986m#4.465#4.96
3	не	не	PART	_	_	_	_	_	@uad1986m_words#@uad1986m#4.96#5.455
4	понимал	понимать	VERB	_	Aspect=Imp|Gender=Masc|Mood=Ind|Number=Sing|Tense=Past|VerbForm=Fin|Voice=Act	_	_	_	@uad1986m_words#@uad1986m#5.455#5.95
5	почему	почему	ADV	_	Degree=Pos	_	_	_	@uad1986m_words#@uad1986m#5.95#6.445
6	большим	большой	ADJ	_	Case=Dat|Degree=Pos|Number=Plur	_	_	_	@uad1986m_words#@uad1986m#6.445#6.94
7	актерам	актер	NOUN	_	Animacy=Anim|Case=Dat|Gender=Masc|Number=Plur	_	_	_	@uad1986m_words#@uad1986m#6.94#7.435
8	/	/	PUNCT	_	_	_	_	_	@uad1986m_words#@uad1986m#7.435#7.93
9	или	или	CCONJ	_	_	_	_	_	@uad1986m_words#@uad1986m#7.93#8.425
10	режиссерам	режиссер	NOUN	_	Animacy=Anim|Case=Dat|Gender=Masc|Number=Plur	_	_	_	@uad1986m_words#@uad1986m#8.425#8.92
11	/	/	PUNCT	_	_	_	_	_	@uad1986m_words#@uad1986m#8.92#9.415
12	так	так	ADV	_	Degree=Pos	_	_	_	@uad1986m_words#@uad1986m#9.415#9.91
13	важны	важный	ADJ	_	Degree=Pos|Number=Plur|Variant=Short	_	_	_	@uad1986m_words#@uad1986m#9.91#10.405
14	конкурсы	конкурс	NOUN	_	Animacy=Inan|Case=Acc|Gender=Masc|Number=Plur	_	_	_	@uad1986m_words#@uad1986m#10.405#10.784
15	Ты	ты	PRON	_	Case=Nom|Number=Sing|Person=2	_	_	_	@uad1986m_words#@uad1986m#11.095#11.473
16	это	это	PRON	_	Animacy=Inan|Case=Acc|Gender=Neut|Number=Sing	_	_	_	@uad1986m_words#@uad1986m#11.473#11.851
17	понимаешь	понимать	VERB	_	Aspect=Imp|Mood=Ind|Number=Sing|Person=2|Tense=Pres|VerbForm=Fin|Voice=Act	_	_	_	@uad1986m_words#@uad1986m#11.851#12.23
18	Широкое	широкий	ADJ	_	Case=Acc|Degree=Pos|Gender=Neut|Number=Sing	_	_	_	@uad1986m_words#@uad1986m#36.495#36.926
19	с	с	ADP	_	_	_	_	_	@uad1986m_words#@uad1986m#36.926#37.357
20	высоким	высокий	ADJ	_	Case=Ins|Degree=Pos|Gender=Masc|Number=Sing	_	_	_	@uad1986m_words#@uad1986m#37.357#37.788
21	сравнить	сравнивать	VERB	_	Aspect=Perf|VerbForm=Inf|Voice=Act	_	_	_	@uad1986m_words#@uad1986m#37.788#38.22
22	мм	мм	NOUN	_	Animacy=Inan|Case=Ins|Gender=Masc|Number=Sing	_	_	_	@uad1986m_words#@uad1986m#39.01#39.32
23	Потому	потому	ADV	_	Degree=Pos	_	_	_	@uad1986m_words#@uad1986m#68.365#68.699
24	что	что	SCONJ	_	_	_	_	_	@uad1986m_words#@uad1986m#68.699#69.033
25	большой	большой	ADJ	_	Case=Nom|Degree=Pos|Gender=Masc|Number=Sing	_	_	_	@uad1986m_words#@uad1986m#69.033#69.367
26	классный	классный	ADJ	_	Animacy=Inan|Case=Acc|Degree=Pos|Gender=Masc|Number=Sing	_	_	_	@uad1986m_words#@uad1986m#69.367#69.701
27	фильм	фильм	NOUN	_	Animacy=Inan|Case=Acc|Gender=Masc|Number=Sing	_	_	_	@uad1986m_words#@uad1986m#69.701#70.035
28	Легкий	легкий	ADJ	_	Case=Nom|Degree=Pos|Gender=Masc|Number=Sing	_	_	_	@uad1986m_words#@uad1986m#78.89#79.445
29	пофигизм	пофигизм	NOUN	_	Animacy=Inan|Case=Nom|Gender=Masc|Number=Sing	_	_	_	@uad1986m_words#@uad1986m#79.445#80.0
30	Рыдать	рыдать	VERB	_	Aspect=Imp|VerbForm=Inf|Voice=Act	_	_	_	@uad1986m_words#@uad1986m#173.285#174.025
31	И	и	CCONJ	_	_	_	_	_	@uad1986m_words#@uad1986m#212.705#213.118
32	ты	ты	PRON	_	Case=Nom|Number=Sing|Person=2	_	_	_	@uad1986m_words#@uad1986m#213.118#213.531
33	рыдала	рыдать	VERB	_	Aspect=Perf|Gender=Fem|Mood=Ind|Number=Sing|Tense=Past|VerbForm=Fin|Voice=Act	_	_	_	@uad1986m_words#@uad1986m#213.531#213.945
34	У	у	ADP	_	_	_	_	_	@uad1986m_words#@uad1986m#265.695#266.138
35	тебя	ты	PRON	_	Case=Gen|Number=Sing|Person=2	_	_	_	@uad1986m_words#@uad1986m#266.138#266.581
36	есть	есть	VERB	_	Aspect=Imp|Mood=Ind|Number=Sing|Person=3|Tense=Pres|VerbForm=Fin|Voice=Act	_	_	_	@uad1986m_words#@uad1986m#266.581#267.024
37	опыт	опыт	NOUN	_	Animacy=Inan|Case=Nom|Gender=Masc|Number=Sing	_	_	_	@uad1986m_words#@uad1986m#267.024#267.467
38	или	или	CCONJ	_	_	_	_	_	@uad1986m_words#@uad1986m#267.467#267.91
39	пример	пример	NOUN	_	Animacy=Inan|Case=Nom|Gender=Masc|Number=Sing	_	_	_	@uad1986m_words#@uad1986m#267.91#268.353
40	когда	когда	SCONJ	_	_	_	_	_	@uad1986m_words#@uad1986m#268.353#268.796
41	ты	ты	PRON	_	Case=Nom|Number=Sing|Person=2	_	_	_	@uad1986m_words#@uad1986m#268.796#269.239
42	смотрела	смотреть	VERB	_	Aspect=Imp|Gender=Fem|Mood=Ind|Number=Sing|Tense=Past|VerbForm=Fin|Voice=Act	_	_	_	@uad1986m_words#@uad1986m#269.239#269.682
43	на	на	ADP	_	_	_	_	_	@uad1986m_words#@uad1986m#269.682#270.125
44	чью-то	чей-то	ADJ	_	Case=Acc|Degree=Pos|Gender=Fem|Number=Sing	_	_	_	@uad1986m_words#@uad1986m#270.125#270.568
45	игру	игра	NOUN	_	Animacy=Inan|Case=Acc|Gender=Fem|Number=Sing	_	_	_	@uad1986m_words#@uad1986m#270.568#271.011
46	либо	либо	CCONJ	_	_	_	_	_	@uad1986m_words#@uad1986m#271.011#271.454
47	в	в	ADP	_	_	_	_	_	@uad1986m_words#@uad1986m#271.454#271.897
48	театре	театр	NOUN	_	Animacy=Inan|Case=Loc|Gender=Masc|Number=Sing	_	_	_	@uad1986m_words#@uad1986m#271.897#272.34
49	либо	либо	CCONJ	_	_	_	_	_	@uad1986m_words#@uad1986m#272.34#272.783
50	в	в	ADP	_	_	_	_	_	@uad1986m_words#@uad1986m#272.783#273.226
51	кино	кино	NOUN	_	Animacy=Inan|Case=Loc|Gender=Neut|Number=Sing	_	_	_	@uad1986m_words#@uad1986m#273.226#273.669
52	и	и	CCONJ	_	_	_	_	_	@uad1986m_words#@uad1986m#273.669#274.112
53	говорила	говорить	VERB	_	Aspect=Imp|Gender=Fem|Mood=Ind|Number=Sing|Tense=Past|VerbForm=Fin|Voice=Act	_	_	_	@uad1986m_words#@uad1986m#274.112#274.555
54	вот	вот	PART	_	_	_	_	_	@uad1986m_words#@uad1986m#274.555#274.998
55	это	это	PRON	_	Animacy=Inan|Case=Acc|Gender=Neut|Number=Sing	_	_	_	@uad1986m_words#@uad1986m#274.998#275.441
56	недостижимый	недостижимый	ADJ	_	Animacy=Inan|Case=Acc|Degree=Pos|Gender=Masc|Number=Sing	_	_	_	@uad1986m_words#@uad1986m#275.441#275.884
57	уровень	уровень	NOUN	_	Animacy=Inan|Case=Acc|Gender=Masc|Number=Sing	_	_	_	@uad1986m_words#@uad1986m#275.884#276.335
58	А	а	CCONJ	_	_	_	_	_	@uad1986m_words#@uad1986m#276.785#277.188
59	расскажи	рассказать	VERB	_	Aspect=Perf|Mood=Imp|Number=Sing|Person=2|VerbForm=Fin|Voice=Act	_	_	_	@uad1986m_words#@uad1986m#277.188#277.591
60	пожалуйста	пожалуйста	ADV	_	Degree=Pos	_	_	_	@uad1986m_words#@uad1986m#277.591#277.995
61	Вторая	второй	ADJ	_	Case=Nom|Degree=Pos|Gender=Fem|Number=Sing	_	_	_	@uad1986m_words#@uad1986m#313.58#313.927
62	дама	дама	NOUN	_	Animacy=Anim|Case=Nom|Gender=Fem|Number=Sing	_	_	_	@uad1986m_words#@uad1986m#313.927#314.274
63	это	это	PRON	_	_	_	_	_	@uad1986m_words#@uad1986m#314.274#314.621
64	которая	который	PRON	_	Case=Nom	_	_	_	@uad1986m_words#@uad1986m#314.621#314.968
65	играла	играть	VERB	_	Aspect=Imp|Gender=Fem|Mood=Ind|Number=Sing|Tense=Past|VerbForm=Fin|Voice=Act	_	_	_	@uad1986m_words#@uad1986m#314.968#315.315
66	в	в	ADP	_	_	_	_	_	@uad1986m_words#@uad1986m#315.315#315.662
67	Три	три	NUM	_	Animacy=Inan|Case=Acc	_	_	_	@uad1986m_words#@uad1986m#315.662#316.009
68	Билборда	Билборд	PROPN	_	Animacy=Anim|Case=Gen|Gender=Masc|Number=Sing	_	_	_	@uad1986m_words#@uad1986m#316.009#316.356
69	Эббинга	Эббинг	PROPN	_	Animacy=Anim|Case=Gen|Gender=Masc|Number=Sing	_	_	_	@uad1986m_words#@uad1986m#316.356#316.71
70	А	а	CCONJ	_	_	_	_	_	@uad1986m_words#@uad1986m#317.095#317.251
71	где	где	ADV	_	Degree=Pos	_	_	_	@uad1986m_words#@uad1986m#317.251#317.407
72	она	она	PRON	_	Case=Nom|Gender=Fem|Number=Sing|Person=3	_	_	_	@uad1986m_words#@uad1986m#317.407#317.563
73	играла	играть	VERB	_	Aspect=Imp|Gender=Fem|Mood=Ind|Number=Sing|Tense=Past|VerbForm=Fin|Voice=Act	_	_	_	@uad1986m_words#@uad1986m#317.563#317.719
74	до	до	ADP	_	_	_	_	_	@uad1986m_words#@uad1986m#317.719#317.875
75	этого	это	PRON	_	Animacy=Inan|Case=Gen|Gender=Neut|Number=Sing	_	_	_	@uad1986m_words#@uad1986m#317.875#318.035
76	Аа	Аа	PROPN	_	Foreign=Yes	_	_	_	@uad1986m_words#@uad1986m#323.005#323.475
77	Таак	так	PROPN	_	Animacy=Anim|Case=Nom|Gender=Masc|Number=Sing	_	_	_	@uad1986m_words#@uad1986m#338.97#339.232
78	а	а	CCONJ	_	_	_	_	_	@uad1986m_words#@uad1986m#339.232#339.494
79	Мерил	Мерил	PROPN	_	Animacy=Anim|Case=Nom|Gender=Masc|Number=Sing	_	_	_	@uad1986m_words#@uad1986m#339.494#339.756
80	Стрип	Стрип	PROPN	_	Animacy=Anim|Case=Nom|Gender=Masc|Number=Sing	_	_	_	@uad1986m_words#@uad1986m#339.756#340.02
81	Да	да	CCONJ	_	_	_	_	_	@iag1988f_words#@iag1988f#12.205#12.581
82	я	я	PRON	_	Case=Nom|Number=Sing|Person=1	_	_	_	@iag1988f_words#@iag1988f#12.581#12.957
83	понимаю	понимать	VERB	_	Aspect=Imp|Mood=Ind|Number=Sing|Person=1|Tense=Pres|VerbForm=Fin|Voice=Act	_	_	_	@iag1988f_words#@iag1988f#12.957#13.333
84	но	но	CCONJ	_	_	_	_	_	@iag1988f_words#@iag1988f#13.333#13.709
85	/	/	PUNCT	_	_	_	_	_	@iag1988f_words#@iag1988f#13.709#14.085
86	знаешь	знать	VERB	_	Aspect=Imp|Mood=Ind|Number=Sing|Person=2|Tense=Pres|VerbForm=Fin|Voice=Act	_	_	_	@iag1988f_words#@iag1988f#14.085#14.461
87	даже	даже	PART	_	_	_	_	_	@iag1988f_words#@iag1988f#14.461#14.837
88	больше	больше	ADV	_	Degree=Cmp	_	_	_	@iag1988f_words#@iag1988f#14.837#15.213
89	не	не	PART	_	_	_	_	_	@iag1988f_words#@iag1988f#15.213#15.589
90	конкурсы	конкурс	NOUN	_	Animacy=Inan|Case=Acc|Gender=Masc|Number=Plur	_	_	_	@iag1988f_words#@iag1988f#15.589#15.965
91	сколько	сколько	NUM	_	_	_	_	_	@iag1988f_words#@iag1988f#15.965#16.341
92	награды	награда	NOUN	_	Animacy=Inan|Case=Gen|Gender=Fem|Number=Sing	_	_	_	@iag1988f_words#@iag1988f#16.341#16.717
93	*смеется*	*смеется*	Х	_	Aspect=Perf|VerbForm=Inf|Voice=Mid	_	_	_	@iag1988f_words#@iag1988f#16.717#17.095
94	У	у	ADP	_	_	_	_	_	@iag1988f_words#@iag1988f#17.94#18.316
95	меня	я	PRON	_	Case=Gen|Number=Sing|Person=1	_	_	_	@iag1988f_words#@iag1988f#18.316#18.692
96	был	быть	VERB	_	Aspect=Imp|Gender=Masc|Mood=Ind|Number=Sing|Tense=Past|VerbForm=Fin|Voice=Act	_	_	_	@iag1988f_words#@iag1988f#18.692#19.068
97	опыт	опыт	NOUN	_	Animacy=Inan|Case=Nom|Gender=Masc|Number=Sing	_	_	_	@iag1988f_words#@iag1988f#19.068#19.444
98	когда	когда	ADV	_	Degree=Pos	_	_	_	@iag1988f_words#@iag1988f#19.444#19.82
99	/	/	PUNCT	_	_	_	_	_	@iag1988f_words#@iag1988f#19.82#20.196
100	был	быть	VERB	_	Aspect=Imp|Gender=Masc|Mood=Ind|Number=Sing|Tense=Past|VerbForm=Fin|Voice=Act	_	_	_	@iag1988f_words#@iag1988f#20.196#20.572
101	Кинотавра	Кинотавр	PROPN	_	Animacy=Inan|Case=Nom|Gender=Masc|Number=Sing	_	_	_	@iag1988f_words#@iag1988f#20.572#20.948
102	это	это	PRON	_	_	_	_	_	@iag1988f_words#@iag1988f#20.948#21.324
103	вот	вот	PART	_	_	_	_	_	@iag1988f_words#@iag1988f#21.324#21.077
104	во	во	ADP	_	_	_	_	_	@iag1988f_words#@iag1988f#21.077#22.076
105	время	время	NOUN	_	Animacy=Inan|Case=Acc|Gender=Neut|Number=Sing	_	_	_	@iag1988f_words#@iag1988f#22.076#22.452
106	Аритмии	Аритмия	PROPN	_	Animacy=Inan|Case=Gen|Gender=Fem|Number=Sing	_	_	_	@iag1988f_words#@iag1988f#22.452#22.83
107	Я	я	PRON	_	Case=Nom|Number=Sing|Person=1	_	_	_	@iag1988f_words#@iag1988f#22.885#23.231
108	вообще	вообще	ADV	_	Degree=Pos	_	_	_	@iag1988f_words#@iag1988f#23.231#23.577
109	/	/	PUNCT	_	_	_	_	_	@iag1988f_words#@iag1988f#23.577#23.923
110	я	я	PRON	_	Case=Nom|Number=Sing|Person=1	_	_	_	@iag1988f_words#@iag1988f#23.923#24.269
111	тебе	ты	PRON	_	Case=Dat|Number=Sing|Person=2	_	_	_	@iag1988f_words#@iag1988f#24.269#24.615
112	говорила	говорить	VERB	_	Aspect=Imp|Gender=Fem|Mood=Ind|Number=Sing|Tense=Past|VerbForm=Fin|Voice=Act	_	_	_	@iag1988f_words#@iag1988f#24.615#24.961
113	о	о	ADP	_	_	_	_	_	@iag1988f_words#@iag1988f#24.961#25.307
114	том	то	PRON	_	Animacy=Inan|Case=Loc|Gender=Neut|Number=Sing	_	_	_	@iag1988f_words#@iag1988f#25.307#25.653
115	что	что	SCONJ	_	_	_	_	_	@iag1988f_words#@iag1988f#25.653#25.999
116	я	я	PRON	_	Case=Nom|Number=Sing|Person=1	_	_	_	@iag1988f_words#@iag1988f#25.999#26.345
117	не	не	PART	_	_	_	_	_	@iag1988f_words#@iag1988f#26.345#26.691
118	люблю	любить	VERB	_	Aspect=Imp|Mood=Ind|Number=Sing|Person=1|Tense=Pres|VerbForm=Fin|Voice=Act	_	_	_	@iag1988f_words#@iag1988f#26.691#27.037
119	конкурсы	конкурс	NOUN	_	Animacy=Inan|Case=Acc|Gender=Masc|Number=Plur	_	_	_	@iag1988f_words#@iag1988f#27.037#27.383
120	/	/	PUNCT	_	_	_	_	_	@iag1988f_words#@iag1988f#27.383#27.729
121	в	в	ADP	_	_	_	_	_	@iag1988f_words#@iag1988f#27.729#28.075
122	плане	план	NOUN	_	Animacy=Inan|Case=Loc|Gender=Masc|Number=Sing	_	_	_	@iag1988f_words#@iag1988f#28.075#28.421
123	вообще	вообще	ADV	_	Degree=Pos	_	_	_	@iag1988f_words#@iag1988f#28.421#28.767
124	как	как	SCONJ	_	_	_	_	_	@iag1988f_words#@iag1988f#28.767#29.113
125	/	/	PUNCT	_	_	_	_	_	@iag1988f_words#@iag1988f#29.113#29.459
126	виды	вид	NOUN	_	Animacy=Inan|Case=Nom|Gender=Masc|Number=Plur	_	_	_	@iag1988f_words#@iag1988f#29.459#29.805
127	такого	такой	DET	_	Case=Gen|Gender=Neut|Number=Sing	_	_	_	@iag1988f_words#@iag1988f#29.805#30.151
128	состязания	состязание	NOUN	_	Animacy=Inan|Case=Gen|Gender=Neut|Number=Sing	_	_	_	@iag1988f_words#@iag1988f#30.151#30.497
129	среди	среди	ADP	_	_	_	_	_	@iag1988f_words#@iag1988f#30.497#30.843
130	творческих	творческий	ADJ	_	Case=Gen|Degree=Pos|Number=Plur	_	_	_	@iag1988f_words#@iag1988f#30.843#31.189
131	людей	люди	NOUN	_	Animacy=Anim|Case=Gen|Gender=Masc|Number=Plur	_	_	_	@iag1988f_words#@iag1988f#31.189#31.535
132	потому	потому	ADV	_	Degree=Pos	_	_	_	@iag1988f_words#@iag1988f#31.535#31.881
133	что	что	SCONJ	_	_	_	_	_	@iag1988f_words#@iag1988f#31.881#32.227
134	я	я	PRON	_	Case=Nom|Number=Sing|Person=1	_	_	_	@iag1988f_words#@iag1988f#32.227#32.573
135	считаю	считать	VERB	_	Aspect=Imp|Mood=Ind|Number=Sing|Person=1|Tense=Pres|VerbForm=Fin|Voice=Act	_	_	_	@iag1988f_words#@iag1988f#32.573#32.919
136	что	что	SCONJ	_	_	_	_	_	@iag1988f_words#@iag1988f#32.919#33.265
137	как	как	ADV	_	Degree=Pos	_	_	_	@iag1988f_words#@iag1988f#33.265#33.611
138	бы	бы	PART	_	_	_	_	_	@iag1988f_words#@iag1988f#33.611#33.957
139	ну	ну	PART	_	_	_	_	_	@iag1988f_words#@iag1988f#33.957#34.303
140	невозможно	невозможный	ADJ	_	Degree=Pos|Gender=Neut|Number=Sing|Variant=Short	_	_	_	@iag1988f_words#@iag1988f#34.303#34.649
141	реально	реально	ADV	_	Degree=Pos	_	_	_	@iag1988f_words#@iag1988f#34.649#34.995
142	выбрать	выбрать	VERB	_	Aspect=Perf|VerbForm=Inf|Voice=Act	_	_	_	@iag1988f_words#@iag1988f#34.995#35.341
143	лучшего	лучший	ADJ	_	Animacy=Anim|Case=Acc|Degree=Pos|Gender=Masc|Number=Sing	_	_	_	@iag1988f_words#@iag1988f#35.341#35.687
144	то	то	PRON	_	Animacy=Inan|Case=Nom|Gender=Neut|Number=Sing	_	_	_	@iag1988f_words#@iag1988f#35.687#36.033
145	есть	быть	VERB	_	Aspect=Imp|Mood=Ind|Number=Sing|Person=3|Tense=Pres|VerbForm=Fin|Voice=Act	_	_	_	@iag1988f_words#@iag1988f#36.033#36.405
146	Ну	ну	PART	_	_	_	_	_	@iag1988f_words#@iag1988f#37.795#38.089
147	как	как	ADV	_	Degree=Pos	_	_	_	@iag1988f_words#@iag1988f#38.089#38.383
148	бы	бы	PART	_	_	_	_	_	@iag1988f_words#@iag1988f#38.383#38.677
149	да	да	PART	_	_	_	_	_	@iag1988f_words#@iag1988f#38.677#38.971
150	ну	ну	PART	_	_	_	_	_	@iag1988f_words#@iag1988f#38.971#39.265
151	то	то	PRON	_	Animacy=Inan|Case=Nom|Gender=Neut|Number=Sing	_	_	_	@iag1988f_words#@iag1988f#39.265#39.559
152	есть	есть	VERB	_	Aspect=Imp|Mood=Ind|Number=Sing|Person=3|Tense=Pres|VerbForm=Fin|Voice=Act	_	_	_	@iag1988f_words#@iag1988f#39.559#39.853
153	типо	типо	ADV	_	Degree=Pos	_	_	_	@iag1988f_words#@iag1988f#39.853#40.147
154	этот	этот	DET	_	Case=Nom|Gender=Masc|Number=Sing	_	_	_	@iag1988f_words#@iag1988f#40.147#40.441
155	такой	такой	DET	_	Case=Nom|Gender=Masc|Number=Sing	_	_	_	@iag1988f_words#@iag1988f#40.441#40.735
156	снял	снять	VERB	_	Aspect=Perf|Gender=Masc|Mood=Ind|Number=Sing|Tense=Past|VerbForm=Fin|Voice=Act	_	_	_	@iag1988f_words#@iag1988f#40.735#41.029
157	фильм	фильм	NOUN	_	Animacy=Inan|Case=Acc|Gender=Masc|Number=Sing	_	_	_	@iag1988f_words#@iag1988f#41.029#41.323
158	этот	этот	DET	_	Case=Nom|Gender=Masc|Number=Sing	_	_	_	@iag1988f_words#@iag1988f#41.323#41.617
159	такой	такой	DET	_	Case=Nom|Gender=Masc|Number=Sing	_	_	_	@iag1988f_words#@iag1988f#41.617#41.911
160	и	и	CCONJ	_	_	_	_	_	@iag1988f_words#@iag1988f#41.911#42.205
161	как	как	ADV	_	Degree=Pos	_	_	_	@iag1988f_words#@iag1988f#42.205#42.499
162	можно	можно	ADV	_	Degree=Pos	_	_	_	@iag1988f_words#@iag1988f#42.499#42.793
163	сказать	сказать	VERB	_	Aspect=Perf|VerbForm=Inf|Voice=Act	_	_	_	@iag1988f_words#@iag1988f#42.793#43.087
164	что	что	SCONJ	_	_	_	_	_	@iag1988f_words#@iag1988f#43.087#43.381
165	типо	типо	ADV	_	Degree=Pos	_	_	_	@iag1988f_words#@iag1988f#43.381#43.675
166	чей	чей	DET	_	Case=Nom|Gender=Masc|Number=Sing	_	_	_	@iag1988f_words#@iag1988f#43.675#43.969
167	фильм	фильм	NOUN	_	Animacy=Inan|Case=Nom|Gender=Masc|Number=Sing	_	_	_	@iag1988f_words#@iag1988f#43.969#44.263
168	лучше	хороший	ADJ	_	Degree=Cmp	_	_	_	@iag1988f_words#@iag1988f#44.263#44.557
169	то	то	PRON	_	Animacy=Inan|Case=Nom|Gender=Neut|Number=Sing	_	_	_	@iag1988f_words#@iag1988f#44.557#44.851
170	есть	быть	VERB	_	Aspect=Imp|Mood=Ind|Number=Sing|Person=3|Tense=Pres|VerbForm=Fin|Voice=Act	_	_	_	@iag1988f_words#@iag1988f#44.851#45.145
171	это	это	PRON	_	Animacy=Inan|Case=Nom|Gender=Neut|Number=Sing	_	_	_	@iag1988f_words#@iag1988f#45.145#45.439
172	все	все	DET	_	Case=Nom|Gender=Neut|Number=Sing	_	_	_	@iag1988f_words#@iag1988f#45.439#45.733
173	дело	дело	NOUN	_	Animacy=Inan|Case=Nom|Gender=Neut|Number=Sing	_	_	_	@iag1988f_words#@iag1988f#45.733#46.027
174	абсолютно	абсолютно	ADV	_	Degree=Pos	_	_	_	@iag1988f_words#@iag1988f#46.027#46.321
175	вкуса	вкус	NOUN	_	Animacy=Inan|Case=Gen|Gender=Masc|Number=Sing	_	_	_	@iag1988f_words#@iag1988f#46.321#46.62
176	И	и	CCONJ	_	_	_	_	_	@iag1988f_words#@iag1988f#47.105#47.44
177	я	я	PRON	_	Case=Nom|Number=Sing|Person=1	_	_	_	@iag1988f_words#@iag1988f#47.44#47.775
178	понимаю	понимать	VERB	_	Aspect=Imp|Mood=Ind|Number=Sing|Person=1|Tense=Pres|VerbForm=Fin|Voice=Act	_	_	_	@iag1988f_words#@iag1988f#47.775#48.11
179	чтоо	что	PRON	_	Case=Acc	_	_	_	@iag1988f_words#@iag1988f#48.11#48.445
180	/	/	PUNCT	_	_	_	_	_	@iag1988f_words#@iag1988f#48.445#48.78
181	в	в	ADP	_	_	_	_	_	@iag1988f_words#@iag1988f#48.78#49.115
182	моей	мой	DET	_	Case=Loc|Gender=Fem|Number=Sing	_	_	_	@iag1988f_words#@iag1988f#49.115#49.45
183	жизни	жизнь	NOUN	_	Animacy=Inan|Case=Loc|Gender=Fem|Number=Sing	_	_	_	@iag1988f_words#@iag1988f#49.45#49.785
184	произошел	произойти	VERB	_	Aspect=Perf|Gender=Masc|Mood=Ind|Number=Sing|Tense=Past|VerbForm=Fin|Voice=Act	_	_	_	@iag1988f_words#@iag1988f#49.785#50.12
185	какой-то	какой-то	DET	_	Case=Nom|Gender=Masc|Number=Sing	_	_	_	@iag1988f_words#@iag1988f#50.12#50.455
186	вообще	вообще	ADV	_	Degree=Pos	_	_	_	@iag1988f_words#@iag1988f#50.455#50.79
187	самый	самый	ADJ	_	Case=Nom|Degree=Pos|Gender=Masc|Number=Sing	_	_	_	@iag1988f_words#@iag1988f#50.79#51.125
188	волшебный	волшебный	ADJ	_	Case=Nom|Degree=Pos|Gender=Masc|Number=Sing	_	_	_	@iag1988f_words#@iag1988f#51.125#51.46
189	момент	момент	NOUN	_	Animacy=Inan|Case=Nom|Gender=Masc|Number=Sing	_	_	_	@iag1988f_words#@iag1988f#51.46#51.795
190	что	что	SCONJ	_	_	_	_	_	@iag1988f_words#@iag1988f#51.795#52.13
191	я	я	PRON	_	Case=Nom|Number=Sing|Person=1	_	_	_	@iag1988f_words#@iag1988f#52.13#52.465
192	увидела	увидеть	VERB	_	Aspect=Perf|Gender=Fem|Mood=Ind|Number=Sing|Tense=Past|VerbForm=Fin|Voice=Act	_	_	_	@iag1988f_words#@iag1988f#52.465#52.8
193	фильм	фильм	NOUN	_	Animacy=Inan|Case=Acc|Gender=Masc|Number=Sing	_	_	_	@iag1988f_words#@iag1988f#52.8#53.135
194	/	/	PUNCT	_	_	_	_	_	@iag1988f_words#@iag1988f#53.135#53.47
195	на	на	ADP	_	_	_	_	_	@iag1988f_words#@iag1988f#53.47#53.805
196	фестивале	фестиваль	NOUN	_	Animacy=Inan|Case=Loc|Gender=Masc|Number=Sing	_	_	_	@iag1988f_words#@iag1988f#53.805#54.14
197	я	я	PRON	_	Case=Nom|Number=Sing|Person=1	_	_	_	@iag1988f_words#@iag1988f#54.14#54.475
198	почувствовала	почувствовать	VERB	_	Aspect=Perf|Gender=Fem|Mood=Ind|Number=Sing|Tense=Past|VerbForm=Fin|Voice=Act	_	_	_	@iag1988f_words#@iag1988f#54.475#54.81
199	какой-то	какой-то	DET	_	Case=Acc|Gender=Masc|Number=Sing	_	_	_	@iag1988f_words#@iag1988f#54.81#55.145
200	ну	ну	PART	_	_	_	_	_	@iag1988f_words#@iag1988f#55.145#55.48
201	нереальный	нереальный	ADJ	_	Animacy=Inan|Case=Acc|Degree=Pos|Gender=Masc|Number=Sing	_	_	_	@iag1988f_words#@iag1988f#55.48#55.815
202	восторг	восторг	NOUN	_	Animacy=Inan|Case=Acc|Gender=Masc|Number=Sing	_	_	_	@iag1988f_words#@iag1988f#55.815#56.15
203	оттого	оттого	ADV	_	Degree=Pos	_	_	_	@iag1988f_words#@iag1988f#56.15#56.485
204	что	что	SCONJ	_	_	_	_	_	@iag1988f_words#@iag1988f#56.485#56.82
205	все	все	PRON	_	Animacy=Inan|Case=Nom|Gender=Neut|Number=Sing	_	_	_	@iag1988f_words#@iag1988f#56.82#57.155
206	в	в	ADP	_	_	_	_	_	@iag1988f_words#@iag1988f#57.155#57.49
207	моей	мой	DET	_	Case=Loc|Gender=Fem|Number=Sing	_	_	_	@iag1988f_words#@iag1988f#57.49#57.825
208	жизни	жизнь	NOUN	_	Animacy=Inan|Case=Loc|Gender=Fem|Number=Sing	_	_	_	@iag1988f_words#@iag1988f#57.825#58.16
209	вот	вот	PART	_	_	_	_	_	@iag1988f_words#@iag1988f#58.16#58.495
210	реально	реально	ADV	_	Degree=Pos	_	_	_	@iag1988f_words#@iag1988f#58.495#58.83
211	все	все	PRON	_	Animacy=Inan|Case=Nom|Gender=Neut|Number=Sing	_	_	_	@iag1988f_words#@iag1988f#58.83#59.165
212	как	как	ADV	_	Degree=Pos	_	_	_	@iag1988f_words#@iag1988f#59.165#59.5
213	будто	будто	PART	_	_	_	_	_	@iag1988f_words#@iag1988f#59.5#59.835
214	бы	бы	PART	_	_	_	_	_	@iag1988f_words#@iag1988f#59.835#60.17
215	сложилось	сложиться	VERB	_	Aspect=Perf|Gender=Neut|Mood=Ind|Number=Sing|Tense=Past|VerbForm=Fin|Voice=Mid	_	_	_	@iag1988f_words#@iag1988f#60.17#60.505
216	и	и	CCONJ	_	_	_	_	_	@iag1988f_words#@iag1988f#60.505#60.84
217	дальше	далеко	ADV	_	Degree=Cmp	_	_	_	@iag1988f_words#@iag1988f#60.84#61.175
218	типо	типо	ADV	_	Degree=Pos	_	_	_	@iag1988f_words#@iag1988f#61.175#61.51
219	у	у	ADP	_	_	_	_	_	@iag1988f_words#@iag1988f#61.51#61.845
220	меня	я	PRON	_	Case=Gen|Number=Sing|Person=1	_	_	_	@iag1988f_words#@iag1988f#61.845#62.18
221	что-то	что-то	PRON	_	Case=Nom	_	_	_	@iag1988f_words#@iag1988f#62.18#62.515
222	может	мочь	VERB	_	Aspect=Imp|Mood=Ind|Number=Sing|Person=3|Tense=Pres|VerbForm=Fin|Voice=Act	_	_	_	@iag1988f_words#@iag1988f#62.515#62.85
223	получиться	получиться	VERB	_	Aspect=Perf|VerbForm=Inf|Voice=Mid	_	_	_	@iag1988f_words#@iag1988f#62.85#63.185
224	может	мочь	VERB	_	Aspect=Imp|Mood=Ind|Number=Sing|Person=3|Tense=Pres|VerbForm=Fin|Voice=Act	_	_	_	@iag1988f_words#@iag1988f#63.185#63.52
225	не	не	PART	_	_	_	_	_	@iag1988f_words#@iag1988f#63.52#63.855
226	получиться	получиться	VERB	_	Aspect=Perf|VerbForm=Inf|Voice=Mid	_	_	_	@iag1988f_words#@iag1988f#63.855#64.19
227	но	но	CCONJ	_	_	_	_	_	@iag1988f_words#@iag1988f#64.19#64.525
228	типо	типо	ADV	_	Degree=Pos	_	_	_	@iag1988f_words#@iag1988f#64.525#64.86
229	/	/	PUNCT	_	_	_	_	_	@iag1988f_words#@iag1988f#64.86#65.195
230	одна	один	DET	_	Case=Nom|Degree=Pos|Gender=Fem|Number=Sing	_	_	_	@iag1988f_words#@iag1988f#65.195#65.53
231	вот	вот	PART	_	_	_	_	_	@iag1988f_words#@iag1988f#65.53#65.865
232	картина	картина	NOUN	_	Animacy=Inan|Case=Nom|Gender=Fem|Number=Sing	_	_	_	@iag1988f_words#@iag1988f#65.865#66.2
233	у	у	ADP	_	_	_	_	_	@iag1988f_words#@iag1988f#66.2#66.535
234	меня	я	PRON	_	Case=Gen|Number=Sing|Person=1	_	_	_	@iag1988f_words#@iag1988f#66.535#66.87
235	уже	уже	ADV	_	Degree=Pos	_	_	_	@iag1988f_words#@iag1988f#66.87#67.205
236	есть	быть	VERB	_	Aspect=Imp|Mood=Ind|Number=Sing|Person=3|Tense=Pres|VerbForm=Fin|Voice=Act	_	_	_	@iag1988f_words#@iag1988f#67.205#67.54
237	вот	вот	PART	_	_	_	_	_	@iag1988f_words#@iag1988f#67.54#67.875
238	все	все	PRON	_	Animacy=Inan|Case=Nom|Gender=Neut|Number=Sing	_	_	_	@iag1988f_words#@iag1988f#67.875#68.21
239	как	как	ADV	_	Degree=Pos	_	_	_	@iag1988f_words#@iag1988f#68.21#68.545
240	бы	бы	PART	_	_	_	_	_	@iag1988f_words#@iag1988f#68.545#68.935
241	Да	да	PART	_	_	_	_	_	@iag1988f_words#@iag1988f#69.815#70.021
242	потому	потому	ADV	_	Degree=Pos	_	_	_	@iag1988f_words#@iag1988f#70.021#70.227
243	что	что	SCONJ	_	_	_	_	_	@iag1988f_words#@iag1988f#70.227#70.433
244	это	это	PRON	_	Animacy=Inan|Case=Nom|Gender=Neut|Number=Sing	_	_	_	@iag1988f_words#@iag1988f#70.433#70.639
245	прям	прям	ADJ	_	Case=Nom|Degree=Pos|Gender=Neut|Number=Sing	_	_	_	@iag1988f_words#@iag1988f#70.639#70.845
246	кино	кино	NOUN	_	Animacy=Inan|Case=Nom|Gender=Neut|Number=Sing	_	_	_	@iag1988f_words#@iag1988f#70.845#71.055
247	*смеется*	*смеется*	VERB	_	Aspect=Perf|Gender=Neut|Mood=Ind|Number=Sing|Tense=Past|VerbForm=Fin|Voice=Mid	_	_	_	@iag1988f_words#@iag1988f#71.965#73.155
248	И	и	CCONJ	_	_	_	_	_	@iag1988f_words#@iag1988f#73.34#73.644
249	я	я	PRON	_	Case=Nom|Number=Sing|Person=1	_	_	_	@iag1988f_words#@iag1988f#73.644#73.948
250	с	с	ADP	_	_	_	_	_	@iag1988f_words#@iag1988f#73.948#74.252
251	этим	этот	DET	_	Case=Ins|Gender=Neut|Number=Sing	_	_	_	@iag1988f_words#@iag1988f#74.252#74.556
252	настроением	настроение	NOUN	_	Animacy=Inan|Case=Ins|Gender=Neut|Number=Sing	_	_	_	@iag1988f_words#@iag1988f#74.556#74.86
253	в	в	ADP	_	_	_	_	_	@iag1988f_words#@iag1988f#74.86#75.164
254	принципе	принцип	NOUN	_	Animacy=Inan|Case=Loc|Gender=Masc|Number=Sing	_	_	_	@iag1988f_words#@iag1988f#75.164#75.468
255	и	и	PART	_	_	_	_	_	@iag1988f_words#@iag1988f#75.468#75.772
256	шла	идти	VERB	_	Aspect=Imp|Gender=Fem|Mood=Ind|Number=Sing|Tense=Past|VerbForm=Fin|Voice=Act	_	_	_	@iag1988f_words#@iag1988f#75.772#76.076
257	вот	вот	PART	_	_	_	_	_	@iag1988f_words#@iag1988f#76.076#76.38
258	когда	когда	SCONJ	_	_	_	_	_	@iag1988f_words#@iag1988f#76.38#76.684
259	на	на	ADP	_	_	_	_	_	@iag1988f_words#@iag1988f#76.684#76.988
260	церемонию	церемония	NOUN	_	Animacy=Inan|Case=Acc|Gender=Fem|Number=Sing	_	_	_	@iag1988f_words#@iag1988f#76.988#77.292
261	вручения	вручение	NOUN	_	Animacy=Inan|Case=Gen|Gender=Neut|Number=Sing	_	_	_	@iag1988f_words#@iag1988f#77.292#77.596
262	то	то	PRON	_	Animacy=Inan|Case=Nom|Gender=Neut|Number=Sing	_	_	_	@iag1988f_words#@iag1988f#77.596#77.9
263	есть	быть	VERB	_	Aspect=Imp|Mood=Ind|Number=Sing|Person=3|Tense=Pres|VerbForm=Fin|Voice=Act	_	_	_	@iag1988f_words#@iag1988f#77.9#78.204
264	я	я	PRON	_	Case=Nom|Number=Sing|Person=1	_	_	_	@iag1988f_words#@iag1988f#78.204#78.508
265	такая	такой	DET	_	Case=Nom|Gender=Fem|Number=Sing	_	_	_	@iag1988f_words#@iag1988f#78.508#78.812
266	иду	идти	VERB	_	Aspect=Imp|Mood=Ind|Number=Sing|Person=1|Tense=Pres|VerbForm=Fin|Voice=Act	_	_	_	@iag1988f_words#@iag1988f#78.812#79.116
267	типо	типо	ADV	_	Degree=Pos	_	_	_	@iag1988f_words#@iag1988f#79.116#79.42
268	#нрзб#	#нрзб#	ADV	_	Degree=Pos	_	_	_	@iag1988f_words#@iag1988f#79.42#79.73
269	Вообще	вообще	ADV	_	Degree=Pos	_	_	_	@iag1988f_words#@iag1988f#79.86#80.143
270	типо	типо	NOUN	_	Degree=Pos	_	_	_	@iag1988f_words#@iag1988f#80.143#80.426
271	думаю	думать	VERB	_	Aspect=Imp|Mood=Ind|Number=Sing|Person=1|Tense=Pres|VerbForm=Fin|Voice=Act	_	_	_	@iag1988f_words#@iag1988f#80.426#80.709
272	расслаблюсь	расслабиться	VERB	_	Aspect=Perf|Mood=Ind|Number=Sing|Person=1|Tense=Fut|VerbForm=Fin|Voice=Mid	_	_	_	@iag1988f_words#@iag1988f#80.709#80.992
273	потому	потому	ADV	_	Degree=Pos	_	_	_	@iag1988f_words#@iag1988f#80.992#81.275
274	что	что	SCONJ	_	_	_	_	_	@iag1988f_words#@iag1988f#81.275#81.558
275	у	у	ADP	_	_	_	_	_	@iag1988f_words#@iag1988f#81.558#81.841
276	меня	я	PRON	_	Case=Gen|Number=Sing|Person=1	_	_	_	@iag1988f_words#@iag1988f#81.841#82.124
277	все	все	PRON	_	Animacy=Inan|Case=Nom|Gender=Neut|Number=Sing	_	_	_	@iag1988f_words#@iag1988f#82.124#82.407
278	случилось	случиться	VERB	_	Aspect=Perf|Gender=Neut|Mood=Ind|Number=Sing|Tense=Past|VerbForm=Fin|Voice=Mid	_	_	_	@iag1988f_words#@iag1988f#82.407#82.69
279	мне	я	PRON	_	Case=Dat|Number=Sing|Person=1	_	_	_	@iag1988f_words#@iag1988f#82.69#82.973
280	ничего	ничего	PRON	_	Case=Gen	_	_	_	@iag1988f_words#@iag1988f#82.973#83.256
281	не	не	PART	_	_	_	_	_	@iag1988f_words#@iag1988f#83.256#83.539
282	надо	надо	ADV	_	Degree=Pos	_	_	_	@iag1988f_words#@iag1988f#83.539#83.822
283	мне	я	PRON	_	Case=Dat|Number=Sing|Person=1	_	_	_	@iag1988f_words#@iag1988f#83.822#84.105
284	не	не	PART	_	_	_	_	_	@iag1988f_words#@iag1988f#84.105#84.388
285	нужны	нужный	ADJ	_	Degree=Pos|Number=Plur|Variant=Short	_	_	_	@iag1988f_words#@iag1988f#84.388#84.671
286	никакие	никакой	DET	_	Case=Nom|Number=Plur	_	_	_	@iag1988f_words#@iag1988f#84.671#84.954
287	награды	награда	NOUN	_	Animacy=Inan|Case=Nom|Gender=Fem|Number=Plur	_	_	_	@iag1988f_words#@iag1988f#84.954#85.237
288	/	/	PUNCT	_	_	_	_	_	@iag1988f_words#@iag1988f#85.237#85.52
289	я	я	PRON	_	Case=Nom|Number=Sing|Person=1	_	_	_	@iag1988f_words#@iag1988f#85.52#85.803
290	/	/	PUNCT	_	_	_	_	_	@iag1988f_words#@iag1988f#85.803#86.086
291	у	у	ADP	_	_	_	_	_	@iag1988f_words#@iag1988f#86.086#86.369
292	меня	я	PRON	_	Case=Gen|Number=Sing|Person=1	_	_	_	@iag1988f_words#@iag1988f#86.369#86.652
293	все	все	PRON	_	Animacy=Inan|Case=Nom|Gender=Neut|Number=Sing	_	_	_	@iag1988f_words#@iag1988f#86.652#86.935
294	хорошо	хороший	ADJ	_	Degree=Pos|Gender=Neut|Number=Sing|Variant=Short	_	_	_	@iag1988f_words#@iag1988f#86.935#87.218
295	/	/	PUNCT	_	_	_	_	_	@iag1988f_words#@iag1988f#87.218#87.501
296	никто	никто	PRON	_	Case=Nom	_	_	_	@iag1988f_words#@iag1988f#87.501#87.784
297	чтобы	чтобы	SCONJ	_	Mood=Cnd	_	_	_	@iag1988f_words#@iag1988f#87.784#88.067
298	мне	я	PRON	_	Case=Dat|Number=Sing|Person=1	_	_	_	@iag1988f_words#@iag1988f#88.067#88.35
299	не	не	PART	_	_	_	_	_	@iag1988f_words#@iag1988f#88.35#88.633
300	говорил	говорить	VERB	_	Aspect=Imp|Gender=Masc|Mood=Ind|Number=Sing|Tense=Past|VerbForm=Fin|Voice=Act	_	_	_	@iag1988f_words#@iag1988f#88.633#88.916
301	что	что	SCONJ	_	_	_	_	_	@iag1988f_words#@iag1988f#88.916#89.199
302	я	я	PRON	_	Case=Nom|Number=Sing|Person=1	_	_	_	@iag1988f_words#@iag1988f#89.199#89.482
303	типо	типо	ADJ	_	Degree=Pos	_	_	_	@iag1988f_words#@iag1988f#89.482#89.765
304	самая	самый	ADJ	_	Case=Nom|Degree=Pos|Gender=Fem|Number=Sing	_	_	_	@iag1988f_words#@iag1988f#89.765#90.048
305	классная	классный	ADJ	_	Case=Nom|Degree=Pos|Gender=Fem|Number=Sing	_	_	_	@iag1988f_words#@iag1988f#90.048#90.331
306	и	и	CCONJ	_	_	_	_	_	@iag1988f_words#@iag1988f#90.331#90.614
307	прекрасная	прекрасный	ADJ	_	Case=Nom|Degree=Pos|Gender=Fem|Number=Sing	_	_	_	@iag1988f_words#@iag1988f#90.614#90.93
308	И	и	CCONJ	_	_	_	_	_	@iag1988f_words#@iag1988f#91.435#91.717
309	вот	вот	PART	_	_	_	_	_	@iag1988f_words#@iag1988f#91.717#91.999
310	вот	вот	PART	_	_	_	_	_	@iag1988f_words#@iag1988f#91.999#92.281
311	этот	этот	DET	_	Case=Nom|Gender=Masc|Number=Sing	_	_	_	@iag1988f_words#@iag1988f#92.281#92.563
312	момент	момент	NOUN	_	Animacy=Inan|Case=Nom|Gender=Masc|Number=Sing	_	_	_	@iag1988f_words#@iag1988f#92.563#92.845
313	когда	когда	SCONJ	_	_	_	_	_	@iag1988f_words#@iag1988f#92.845#93.127
314	знаешь	знать	VERB	_	Aspect=Imp|Mood=Ind|Number=Sing|Person=2|Tense=Pres|VerbForm=Fin|Voice=Act	_	_	_	@iag1988f_words#@iag1988f#93.127#93.409
315	все	весь	PRON	_	Case=Acc|Number=Plur	_	_	_	@iag1988f_words#@iag1988f#93.409#93.691
316	нарядные	нарядный	ADJ	_	Animacy=Inan|Case=Acc|Degree=Pos|Number=Plur	_	_	_	@iag1988f_words#@iag1988f#93.691#93.973
317	/	/	PUNCT	_	_	_	_	_	@iag1988f_words#@iag1988f#93.973#94.255
318	и	и	CCONJ	_	_	_	_	_	@iag1988f_words#@iag1988f#94.255#94.537
319	ты	ты	PRON	_	Case=Nom|Number=Sing|Person=2	_	_	_	@iag1988f_words#@iag1988f#94.537#94.819
320	сидишь	сидеть	VERB	_	Aspect=Imp|Mood=Ind|Number=Sing|Person=2|Tense=Pres|VerbForm=Fin|Voice=Act	_	_	_	@iag1988f_words#@iag1988f#94.819#95.101
321	и	и	CCONJ	_	_	_	_	_	@iag1988f_words#@iag1988f#95.101#95.383
322	действительно	действительно	ADV	_	Degree=Pos	_	_	_	@iag1988f_words#@iag1988f#95.383#95.665
323	и	и	PART	_	_	_	_	_	@iag1988f_words#@iag1988f#95.665#95.947
324	тебе	ты	PRON	_	Case=Dat|Number=Sing|Person=2	_	_	_	@iag1988f_words#@iag1988f#95.947#96.229
325	как	как	ADV	_	Degree=Pos	_	_	_	@iag1988f_words#@iag1988f#96.229#96.511
326	бы	бы	PART	_	_	_	_	_	@iag1988f_words#@iag1988f#96.511#96.793
327	вот	вот	PART	_	_	_	_	_	@iag1988f_words#@iag1988f#96.793#97.075
328	вот	вот	PART	_	_	_	_	_	@iag1988f_words#@iag1988f#97.075#97.357
329	реально	реально	ADV	_	Degree=Pos	_	_	_	@iag1988f_words#@iag1988f#97.357#97.639
330	вот	вот	PART	_	_	_	_	_	@iag1988f_words#@iag1988f#97.639#97.921
331	вроде	вроде	ADV	_	Degree=Pos	_	_	_	@iag1988f_words#@iag1988f#97.921#98.203
332	бы	бы	PART	_	_	_	_	_	@iag1988f_words#@iag1988f#98.203#98.485
333	по	по	ADP	_	_	_	_	_	@iag1988f_words#@iag1988f#98.485#98.767
334	барабану	барабан	NOUN	_	Animacy=Inan|Case=Dat|Gender=Masc|Number=Sing	_	_	_	@iag1988f_words#@iag1988f#98.767#99.049
335	все	все	PRON	_	Animacy=Inan|Case=Nom|Gender=Neut|Number=Sing	_	_	_	@iag1988f_words#@iag1988f#99.049#99.355
336	И	и	CCONJ	_	_	_	_	_	@iag1988f_words#@iag1988f#100.865#101.197
337	в	в	ADP	_	_	_	_	_	@iag1988f_words#@iag1988f#101.197#101.529
338	тот	тот	DET	_	Case=Acc|Gender=Masc|Number=Sing	_	_	_	@iag1988f_words#@iag1988f#101.529#101.861
339	момент	момент	NOUN	_	Animacy=Inan|Case=Acc|Gender=Masc|Number=Sing	_	_	_	@iag1988f_words#@iag1988f#101.861#102.193
340	когда	когда	SCONJ	_	_	_	_	_	@iag1988f_words#@iag1988f#102.193#102.525
341	/	/	PUNCT	_	_	_	_	_	@iag1988f_words#@iag1988f#102.525#102.857
342	появляется	появляться	VERB	_	Aspect=Imp|Mood=Ind|Number=Sing|Person=3|Tense=Pres|VerbForm=Fin|Voice=Mid	_	_	_	@iag1988f_words#@iag1988f#102.857#103.189
343	человек	человек	NOUN	_	Animacy=Anim|Case=Nom|Gender=Masc|Number=Sing	_	_	_	@iag1988f_words#@iag1988f#103.189#103.521
344	с	с	ADP	_	_	_	_	_	@iag1988f_words#@iag1988f#103.521#103.853
345	конвертом	конверт	NOUN	_	Animacy=Inan|Case=Ins|Gender=Masc|Number=Sing	_	_	_	@iag1988f_words#@iag1988f#103.853#104.185
346	/	/	PUNCT	_	_	_	_	_	@iag1988f_words#@iag1988f#104.185#104.517
347	и	и	CCONJ	_	_	_	_	_	@iag1988f_words#@iag1988f#104.517#104.849
348	начинает	начинать	VERB	_	Aspect=Imp|Mood=Ind|Number=Sing|Person=3|Tense=Pres|VerbForm=Fin|Voice=Act	_	_	_	@iag1988f_words#@iag1988f#104.849#105.181
349	его	он	PRON	_	Case=Acc|Gender=Masc|Number=Sing|Person=3	_	_	_	@iag1988f_words#@iag1988f#105.181#105.513
350	вскрывать	вскрывать	VERB	_	Aspect=Imp|VerbForm=Inf|Voice=Act	_	_	_	@iag1988f_words#@iag1988f#105.513#105.845
351	ты	ты	PRON	_	Case=Nom|Number=Sing|Person=2	_	_	_	@iag1988f_words#@iag1988f#105.845#106.177
352	чувствуешь	чувствовать	VERB	_	Aspect=Imp|Mood=Ind|Number=Sing|Person=2|Tense=Pres|VerbForm=Fin|Voice=Act	_	_	_	@iag1988f_words#@iag1988f#106.177#106.509
353	вдруг	вдруг	ADV	_	Degree=Pos	_	_	_	@iag1988f_words#@iag1988f#106.509#106.841
354	в	в	ADP	_	_	_	_	_	@iag1988f_words#@iag1988f#106.841#107.173
355	тебе	ты	PRON	_	Case=Dat|Number=Sing|Person=2	_	_	_	@iag1988f_words#@iag1988f#107.173#107.505
356	начинает	начинать	VERB	_	Aspect=Imp|Mood=Ind|Number=Sing|Person=3|Tense=Pres|VerbForm=Fin|Voice=Act	_	_	_	@iag1988f_words#@iag1988f#107.505#107.837
357	вот	вот	PART	_	_	_	_	_	@iag1988f_words#@iag1988f#107.837#108.169
358	подходить	подходить	VERB	_	Aspect=Imp|VerbForm=Inf|Voice=Act	_	_	_	@iag1988f_words#@iag1988f#108.169#108.501
359	что-то	что-то	PRON	_	Case=Acc	_	_	_	@iag1988f_words#@iag1988f#108.501#108.833
360	/	/	PUNCT	_	_	_	_	_	@iag1988f_words#@iag1988f#108.833#109.165
361	/	/	PUNCT	_	_	_	_	_	@iag1988f_words#@iag1988f#109.165#109.497
362	э	э	PRON	_	_	_	_	_	@iag1988f_words#@iag1988f#109.497#109.829
363	непонятное	непонятный	ADJ	_	Case=Nom|Degree=Pos|Gender=Neut|Number=Sing	_	_	_	@iag1988f_words#@iag1988f#109.829#110.161
364	и	и	CCONJ	_	_	_	_	_	@iag1988f_words#@iag1988f#110.161#110.493
365	ты	ты	PRON	_	Case=Nom|Number=Sing|Person=2	_	_	_	@iag1988f_words#@iag1988f#110.493#110.825
366	так	так	ADV	_	Degree=Pos	_	_	_	@iag1988f_words#@iag1988f#110.825#111.157
367	типо	типо	NOUN	_	Degree=Pos	_	_	_	@iag1988f_words#@iag1988f#111.157#111.489
368	/	/	PUNCT	_	_	_	_	_	@iag1988f_words#@iag1988f#111.489#111.821
369	и	и	CCONJ	_	_	_	_	_	@iag1988f_words#@iag1988f#111.821#112.153
370	я	я	PRON	_	Case=Nom|Number=Sing|Person=1	_	_	_	@iag1988f_words#@iag1988f#112.153#112.485
371	понимаю	понимать	VERB	_	Aspect=Imp|Mood=Ind|Number=Sing|Person=1|Tense=Pres|VerbForm=Fin|Voice=Act	_	_	_	@iag1988f_words#@iag1988f#112.485#112.817
372	что	что	SCONJ	_	_	_	_	_	@iag1988f_words#@iag1988f#112.817#113.149
373	я	я	PRON	_	Case=Nom|Number=Sing|Person=1	_	_	_	@iag1988f_words#@iag1988f#113.149#113.481
374	так	так	ADV	_	Degree=Pos	_	_	_	@iag1988f_words#@iag1988f#113.481#113.813
375	тихо	тихо	ADV	_	Degree=Pos	_	_	_	@iag1988f_words#@iag1988f#113.813#114.145
376	тихо	тихо	ADV	_	Degree=Pos	_	_	_	@iag1988f_words#@iag1988f#114.145#114.477
377	тихо	тихо	ADV	_	Degree=Pos	_	_	_	@iag1988f_words#@iag1988f#114.477#114.809
378	я	я	PRON	_	Case=Nom|Number=Sing|Person=1	_	_	_	@iag1988f_words#@iag1988f#114.809#115.141
379	уже	уже	ADV	_	Degree=Pos	_	_	_	@iag1988f_words#@iag1988f#115.141#115.473
380	знаешь	знать	VERB	_	Aspect=Imp|Mood=Ind|Number=Sing|Person=2|Tense=Pres|VerbForm=Fin|Voice=Act	_	_	_	@iag1988f_words#@iag1988f#115.473#115.805
381	типо	типо	ADV	_	Degree=Pos	_	_	_	@iag1988f_words#@iag1988f#115.805#116.137
382	жду	ждать	VERB	_	Aspect=Imp|Mood=Ind|Number=Sing|Person=1|Tense=Pres|VerbForm=Fin|Voice=Act	_	_	_	@iag1988f_words#@iag1988f#116.137#116.469
383	жду	ждать	VERB	_	Aspect=Imp|Mood=Ind|Number=Sing|Person=1|Tense=Pres|VerbForm=Fin|Voice=Act	_	_	_	@iag1988f_words#@iag1988f#116.469#116.801
384	жду	ждать	VERB	_	Aspect=Imp|Mood=Ind|Number=Sing|Person=1|Tense=Pres|VerbForm=Fin|Voice=Act	_	_	_	@iag1988f_words#@iag1988f#116.801#117.155
385	И	и	CCONJ	_	_	_	_	_	@iag1988f_words#@iag1988f#118.335#118.637
386	так	так	ADV	_	Degree=Pos	_	_	_	@iag1988f_words#@iag1988f#118.637#118.939
387	тихо	тихо	ADV	_	Degree=Pos	_	_	_	@iag1988f_words#@iag1988f#118.939#119.241
388	тихо	тихо	ADV	_	Degree=Pos	_	_	_	@iag1988f_words#@iag1988f#119.241#119.543
389	тихо	тихо	ADV	_	Degree=Pos	_	_	_	@iag1988f_words#@iag1988f#119.543#119.845
390	тихо	тихо	ADV	_	Degree=Pos	_	_	_	@iag1988f_words#@iag1988f#119.845#120.147
391	и	и	CCONJ	_	_	_	_	_	@iag1988f_words#@iag1988f#120.147#120.449
392	когда	когда	ADV	_	Degree=Pos	_	_	_	@iag1988f_words#@iag1988f#120.449#120.751
393	/	/	PUNCT	_	_	_	_	_	@iag1988f_words#@iag1988f#120.751#121.053
394	а	а	CCONJ	_	_	_	_	_	@iag1988f_words#@iag1988f#121.053#121.355
395	говорят	говорить	VERB	_	Aspect=Imp|Mood=Ind|Number=Plur|Person=3|Tense=Pres|VerbForm=Fin|Voice=Act	_	_	_	@iag1988f_words#@iag1988f#121.355#121.657
396	не	не	PART	_	_	_	_	_	@iag1988f_words#@iag1988f#121.657#121.959
397	твою	твой	DET	_	Case=Acc|Gender=Fem|Number=Sing	_	_	_	@iag1988f_words#@iag1988f#121.959#122.261
398	фамилию	фамилия	NOUN	_	Animacy=Inan|Case=Acc|Gender=Fem|Number=Sing	_	_	_	@iag1988f_words#@iag1988f#122.261#122.575
399	То	то	PRON	_	Animacy=Inan|Case=Nom|Gender=Neut|Number=Sing	_	_	_	@iag1988f_words#@iag1988f#123.115#123.457
400	есть	быть	VERB	_	Aspect=Imp|Mood=Ind|Number=Sing|Person=3|Tense=Pres|VerbForm=Fin|Voice=Act	_	_	_	@iag1988f_words#@iag1988f#123.457#123.799
401	я	я	PRON	_	Case=Nom|Number=Sing|Person=1	_	_	_	@iag1988f_words#@iag1988f#123.799#124.141
402	понимаю	понимать	VERB	_	Aspect=Imp|Mood=Ind|Number=Sing|Person=1|Tense=Pres|VerbForm=Fin|Voice=Act	_	_	_	@iag1988f_words#@iag1988f#124.141#124.483
403	что	что	SCONJ	_	_	_	_	_	@iag1988f_words#@iag1988f#124.483#124.825
404	в	в	ADP	_	_	_	_	_	@iag1988f_words#@iag1988f#124.825#125.167
405	этот	этот	DET	_	Case=Acc|Gender=Masc|Number=Sing	_	_	_	@iag1988f_words#@iag1988f#125.167#125.509
406	момент	момент	NOUN	_	Animacy=Inan|Case=Acc|Gender=Masc|Number=Sing	_	_	_	@iag1988f_words#@iag1988f#125.509#125.851
407	я	я	PRON	_	Case=Nom|Number=Sing|Person=1	_	_	_	@iag1988f_words#@iag1988f#125.851#126.193
408	начинаю	начинать	VERB	_	Aspect=Imp|Mood=Ind|Number=Sing|Person=1|Tense=Pres|VerbForm=Fin|Voice=Act	_	_	_	@iag1988f_words#@iag1988f#126.193#126.535
409	держать	держать	VERB	_	Aspect=Imp|VerbForm=Inf|Voice=Act	_	_	_	@iag1988f_words#@iag1988f#126.535#126.877
410	лицо	лицо	NOUN	_	Animacy=Inan|Case=Acc|Gender=Neut|Number=Sing	_	_	_	@iag1988f_words#@iag1988f#126.877#127.219
411	что	что	PRON	_	Case=Acc	_	_	_	@iag1988f_words#@iag1988f#127.219#127.561
412	я	я	PRON	_	Case=Nom|Number=Sing|Person=1	_	_	_	@iag1988f_words#@iag1988f#127.561#127.903
413	начинаю	начинать	VERB	_	Aspect=Imp|Mood=Ind|Number=Sing|Person=1|Tense=Pres|VerbForm=Fin|Voice=Act	_	_	_	@iag1988f_words#@iag1988f#127.903#128.245
414	держать	держать	VERB	_	Aspect=Imp|VerbForm=Inf|Voice=Act	_	_	_	@iag1988f_words#@iag1988f#128.245#128.587
415	мину	мина	NOUN	_	Animacy=Inan|Case=Acc|Gender=Fem|Number=Sing	_	_	_	@iag1988f_words#@iag1988f#128.587#128.929
416	то	то	PRON	_	Animacy=Inan|Case=Nom|Gender=Neut|Number=Sing	_	_	_	@iag1988f_words#@iag1988f#128.929#129.271
417	есть	быть	VERB	_	Aspect=Imp|Mood=Ind|Number=Sing|Person=3|Tense=Pres|VerbForm=Fin|Voice=Act	_	_	_	@iag1988f_words#@iag1988f#129.271#129.613
418	я	я	PRON	_	Case=Nom|Number=Sing|Person=1	_	_	_	@iag1988f_words#@iag1988f#129.613#129.955
419	прям	прям	ADV	_	Degree=Pos	_	_	_	@iag1988f_words#@iag1988f#129.955#130.297
420	начинаю	начинать	VERB	_	Aspect=Imp|Mood=Ind|Number=Sing|Person=1|Tense=Pres|VerbForm=Fin|Voice=Act	_	_	_	@iag1988f_words#@iag1988f#130.297#130.639
421	улыбаться	улыбаться	VERB	_	Aspect=Imp|VerbForm=Inf|Voice=Mid	_	_	_	@iag1988f_words#@iag1988f#130.639#130.981
422	/	/	PUNCT	_	_	_	_	_	@iag1988f_words#@iag1988f#130.981#131.323
423	радоваться	радоваться	VERB	_	Aspect=Imp|VerbForm=Inf|Voice=Mid	_	_	_	@iag1988f_words#@iag1988f#131.323#131.665
424	за	за	ADP	_	_	_	_	_	@iag1988f_words#@iag1988f#131.665#132.007
425	другую	другой	ADJ	_	Case=Acc|Degree=Pos|Gender=Fem|Number=Sing	_	_	_	@iag1988f_words#@iag1988f#132.007#132.349
426	актрису	актриса	NOUN	_	Animacy=Anim|Case=Acc|Gender=Fem|Number=Sing	_	_	_	@iag1988f_words#@iag1988f#132.349#132.691
427	а	а	CCONJ	_	_	_	_	_	@iag1988f_words#@iag1988f#132.691#133.033
428	при	при	ADP	_	_	_	_	_	@iag1988f_words#@iag1988f#133.033#133.375
429	этом	это	PRON	_	Animacy=Inan|Case=Loc|Gender=Neut|Number=Sing	_	_	_	@iag1988f_words#@iag1988f#133.375#133.717
430	у	у	ADP	_	_	_	_	_	@iag1988f_words#@iag1988f#133.717#134.059
431	меня	я	PRON	_	Case=Gen|Number=Sing|Person=1	_	_	_	@iag1988f_words#@iag1988f#134.059#134.401
432	внутри	внутри	ADV	_	Degree=Pos	_	_	_	@iag1988f_words#@iag1988f#134.401#134.743
433	абсолютное	абсолютный	ADJ	_	Case=Nom|Degree=Pos|Gender=Neut|Number=Sing	_	_	_	@iag1988f_words#@iag1988f#134.743#135.085
434	расстройство	расстройство	NOUN	_	Animacy=Inan|Case=Nom|Gender=Neut|Number=Sing	_	_	_	@iag1988f_words#@iag1988f#135.085#135.427
435	/	/	PUNCT	_	_	_	_	_	@iag1988f_words#@iag1988f#135.427#135.769
436	тотальное	тотальный	ADJ	_	Case=Nom|Degree=Pos|Gender=Neut|Number=Sing	_	_	_	@iag1988f_words#@iag1988f#135.769#136.111
437	расстройство	расстройство	NOUN	_	Animacy=Inan|Case=Nom|Gender=Neut|Number=Sing	_	_	_	@iag1988f_words#@iag1988f#136.111#136.453
438	то	то	PRON	_	Animacy=Inan|Case=Nom|Gender=Neut|Number=Sing	_	_	_	@iag1988f_words#@iag1988f#136.453#136.795
439	есть	быть	VERB	_	Aspect=Imp|Mood=Ind|Number=Sing|Person=3|Tense=Pres|VerbForm=Fin|Voice=Act	_	_	_	@iag1988f_words#@iag1988f#136.795#137.137
440	/	/	PUNCT	_	_	_	_	_	@iag1988f_words#@iag1988f#137.137#137.479
441	минут	минута	NOUN	_	Animacy=Inan|Case=Gen|Gender=Fem|Number=Plur	_	_	_	@iag1988f_words#@iag1988f#137.479#137.821
442	пять	пять	NUM	_	Case=Acc	_	_	_	@iag1988f_words#@iag1988f#137.821#138.163
443	назад	назад	ADV	_	Degree=Pos	_	_	_	@iag1988f_words#@iag1988f#138.163#138.505
444	/	/	PUNCT	_	_	_	_	_	@iag1988f_words#@iag1988f#138.505#138.847
445	/	/	PUNCT	_	_	_	_	_	@iag1988f_words#@iag1988f#138.847#139.189
446	мне	я	PRON	_	Case=Dat|Number=Sing|Person=1	_	_	_	@iag1988f_words#@iag1988f#139.189#139.531
447	это	это	PRON	_	Animacy=Inan|Case=Nom|Gender=Neut|Number=Sing	_	_	_	@iag1988f_words#@iag1988f#139.531#139.873
448	было	быть	AUX	_	Aspect=Imp|Gender=Neut|Mood=Ind|Number=Sing|Tense=Past|VerbForm=Fin|Voice=Act	_	_	_	@iag1988f_words#@iag1988f#139.873#140.215
449	не	не	PART	_	_	_	_	_	@iag1988f_words#@iag1988f#140.215#140.557
450	нужно	нужный	ADJ	_	Degree=Pos|Gender=Neut|Number=Sing|Variant=Short	_	_	_	@iag1988f_words#@iag1988f#140.557#140.899
451	как	как	ADV	_	Degree=Pos	_	_	_	@iag1988f_words#@iag1988f#140.899#141.241
452	бы	бы	PART	_	_	_	_	_	@iag1988f_words#@iag1988f#141.241#141.583
453	то	то	PRON	_	Animacy=Inan|Case=Nom|Gender=Neut|Number=Sing	_	_	_	@iag1988f_words#@iag1988f#141.583#141.925
454	есть	быть	VERB	_	Aspect=Imp|Mood=Ind|Number=Sing|Person=3|Tense=Pres|VerbForm=Fin|Voice=Act	_	_	_	@iag1988f_words#@iag1988f#141.925#142.267
455	у	у	ADP	_	_	_	_	_	@iag1988f_words#@iag1988f#142.267#142.609
456	меня	я	PRON	_	Case=Gen|Number=Sing|Person=1	_	_	_	@iag1988f_words#@iag1988f#142.609#142.951
457	типо	типо	NOUN	_	Animacy=Inan|Case=Nom|Gender=Neut|Number=Sing	_	_	_	@iag1988f_words#@iag1988f#142.951#143.293
458	все	все	PRON	_	Animacy=Inan|Case=Nom|Gender=Neut|Number=Sing	_	_	_	@iag1988f_words#@iag1988f#143.293#143.635
459	классно	классный	ADJ	_	Degree=Pos|Gender=Neut|Number=Sing|Variant=Short	_	_	_	@iag1988f_words#@iag1988f#143.635#143.977
460	/	/	PUNCT	_	_	_	_	_	@iag1988f_words#@iag1988f#143.977#144.319
461	/	/	PUNCT	_	_	_	_	_	@iag1988f_words#@iag1988f#144.319#144.661
462	прошло	пройти	VERB	_	Aspect=Perf|Gender=Neut|Mood=Ind|Number=Sing|Tense=Past|VerbForm=Fin|Voice=Act	_	_	_	@iag1988f_words#@iag1988f#144.661#145.003
463	пять	пять	NUM	_	Case=Nom	_	_	_	@iag1988f_words#@iag1988f#145.003#145.345
464	минут	минута	NOUN	_	Animacy=Inan|Case=Gen|Gender=Fem|Number=Plur	_	_	_	@iag1988f_words#@iag1988f#145.345#145.687
465	/	/	PUNCT	_	_	_	_	_	@iag1988f_words#@iag1988f#145.687#146.029
466	конверт	конверт	NOUN	_	Animacy=Inan|Case=Nom|Gender=Masc|Number=Sing	_	_	_	@iag1988f_words#@iag1988f#146.029#146.371
467	открывается	открываться	VERB	_	Aspect=Imp|Mood=Ind|Number=Sing|Person=3|Tense=Pres|VerbForm=Fin|Voice=Mid	_	_	_	@iag1988f_words#@iag1988f#146.371#146.713
468	называют	называть	VERB	_	Aspect=Imp|Mood=Ind|Number=Plur|Person=3|Tense=Pres|VerbForm=Fin|Voice=Act	_	_	_	@iag1988f_words#@iag1988f#146.713#147.055
469	не	не	PART	_	_	_	_	_	@iag1988f_words#@iag1988f#147.055#147.397
470	твою	твой	DET	_	Case=Acc|Gender=Fem|Number=Sing	_	_	_	@iag1988f_words#@iag1988f#147.397#147.739
471	фамилию	фамилия	NOUN	_	Animacy=Inan|Case=Acc|Gender=Fem|Number=Sing	_	_	_	@iag1988f_words#@iag1988f#147.739#148.081
472	/	/	PUNCT	_	_	_	_	_	@iag1988f_words#@iag1988f#148.081#148.423
473	и	и	CCONJ	_	_	_	_	_	@iag1988f_words#@iag1988f#148.423#148.765
474	я	я	PRON	_	Case=Nom|Number=Sing|Person=1	_	_	_	@iag1988f_words#@iag1988f#148.765#149.107
475	уже	уже	ADV	_	Degree=Pos	_	_	_	@iag1988f_words#@iag1988f#149.107#149.449
476	расстроена	расстроить	VERB	_	Aspect=Perf|Gender=Fem|Number=Sing|Tense=Past|Variant=Short|VerbForm=Part|Voice=Pass	_	_	_	@iag1988f_words#@iag1988f#149.449#149.791
477	/	/	PUNCT	_	_	_	_	_	@iag1988f_words#@iag1988f#149.791#150.133
478	и	и	CCONJ	_	_	_	_	_	@iag1988f_words#@iag1988f#150.133#150.475
479	я	я	PRON	_	Case=Nom|Number=Sing|Person=1	_	_	_	@iag1988f_words#@iag1988f#150.475#150.817
480	уже	уже	ADV	_	Degree=Pos	_	_	_	@iag1988f_words#@iag1988f#150.817#151.159
481	/	/	PUNCT	_	_	_	_	_	@iag1988f_words#@iag1988f#151.159#151.501
482	иду	идти	VERB	_	Aspect=Imp|Mood=Ind|Number=Sing|Person=1|Tense=Pres|VerbForm=Fin|Voice=Act	_	_	_	@iag1988f_words#@iag1988f#151.501#151.843
483	значит	значить	VERB	_	Aspect=Imp|Mood=Ind|Number=Sing|Person=3|Tense=Pres|VerbForm=Fin|Voice=Act	_	_	_	@iag1988f_words#@iag1988f#151.843#152.185
484	в	в	ADP	_	_	_	_	_	@iag1988f_words#@iag1988f#152.185#152.527
485	гостиницу	гостиница	NOUN	_	Animacy=Inan|Case=Acc|Gender=Fem|Number=Sing	_	_	_	@iag1988f_words#@iag1988f#152.527#152.869
486	такая	такой	DET	_	Case=Nom|Gender=Fem|Number=Sing	_	_	_	@iag1988f_words#@iag1988f#152.869#153.211
487	типо	типо	ADV	_	Degree=Pos	_	_	_	@iag1988f_words#@iag1988f#153.211#153.555
488	Мне	я	PRON	_	Case=Dat|Number=Sing|Person=1	_	_	_	@iag1988f_words#@iag1988f#154.295#154.554
489	кто-то	кто-то	PRON	_	Case=Nom	_	_	_	@iag1988f_words#@iag1988f#154.554#154.813
490	знаешь	знать	VERB	_	Aspect=Imp|Mood=Ind|Number=Sing|Person=2|Tense=Pres|VerbForm=Fin|Voice=Act	_	_	_	@iag1988f_words#@iag1988f#154.813#155.072
491	там	там	ADV	_	Degree=Pos	_	_	_	@iag1988f_words#@iag1988f#155.072#155.331
492	вот	вот	PART	_	_	_	_	_	@iag1988f_words#@iag1988f#155.331#155.59
493	это	это	PRON	_	Animacy=Inan|Case=Acc|Gender=Neut|Number=Sing	_	_	_	@iag1988f_words#@iag1988f#155.59#155.849
494	вот	вот	PART	_	_	_	_	_	@iag1988f_words#@iag1988f#155.849#156.108
495	по	по	ADP	_	_	_	_	_	@iag1988f_words#@iag1988f#156.108#156.367
496	плечу	плечо	NOUN	_	Animacy=Inan|Case=Dat|Gender=Neut|Number=Sing	_	_	_	@iag1988f_words#@iag1988f#156.367#156.626
497	типо	типо	NOUN	_	Animacy=Inan|Case=Nom|Gender=Neut|Number=Sing	_	_	_	@iag1988f_words#@iag1988f#156.626#156.885
498	/	/	PUNCT	_	_	_	_	_	@iag1988f_words#@iag1988f#156.885#157.144
499	Ир	Ира	PROPN	_	Foreign=Yes	_	_	_	@iag1988f_words#@iag1988f#157.144#157.403
500	/	/	PUNCT	_	_	_	_	_	@iag1988f_words#@iag1988f#157.403#157.662
501	вот	вот	PART	_	_	_	_	_	@iag1988f_words#@iag1988f#157.662#157.921
502	/	/	PUNCT	_	_	_	_	_	@iag1988f_words#@iag1988f#157.921#158.18
503	#нрзб#	#нрзб#	X	_	Foreign=Yes	_	_	_	@iag1988f_words#@iag1988f#158.18#158.439
504	/	/	PUNCT	_	_	_	_	_	@iag1988f_words#@iag1988f#158.439#158.698
505	ну	ну	PART	_	_	_	_	_	@iag1988f_words#@iag1988f#158.698#158.957
506	как	как	ADV	_	Degree=Pos	_	_	_	@iag1988f_words#@iag1988f#158.957#159.216
507	бы	бы	PART	_	_	_	_	_	@iag1988f_words#@iag1988f#159.216#159.475
508	/	/	PUNCT	_	_	_	_	_	@iag1988f_words#@iag1988f#159.475#159.734
509	ну	ну	PART	_	_	_	_	_	@iag1988f_words#@iag1988f#159.734#159.993
510	вообще	вообще	ADV	_	Degree=Pos	_	_	_	@iag1988f_words#@iag1988f#159.993#160.252
511	это	это	PRON	_	Animacy=Inan|Case=Nom|Gender=Neut|Number=Sing	_	_	_	@iag1988f_words#@iag1988f#160.252#160.511
512	/	/	PUNCT	_	_	_	_	_	@iag1988f_words#@iag1988f#160.511#160.77
513	ну	ну	PART	_	_	_	_	_	@iag1988f_words#@iag1988f#160.77#161.029
514	/	/	PUNCT	_	_	_	_	_	@iag1988f_words#@iag1988f#161.029#161.288
515	/	/	PUNCT	_	_	_	_	_	@iag1988f_words#@iag1988f#161.288#161.547
516	и	и	CCONJ	_	_	_	_	_	@iag1988f_words#@iag1988f#161.547#161.806
517	вообще	вообще	ADV	_	Degree=Pos	_	_	_	@iag1988f_words#@iag1988f#161.806#162.065
518	вообще	вообще	ADV	_	Degree=Pos	_	_	_	@iag1988f_words#@iag1988f#162.065#162.324
519	забудь	забыть	VERB	_	Aspect=Perf|Mood=Imp|Number=Sing|Person=2|VerbForm=Fin|Voice=Act	_	_	_	@iag1988f_words#@iag1988f#162.324#162.583
520	про	про	ADP	_	_	_	_	_	@iag1988f_words#@iag1988f#162.583#162.842
521	эти	этот	DET	_	Case=Acc|Number=Plur	_	_	_	@iag1988f_words#@iag1988f#162.842#163.101
522	все	весь	DET	_	Case=Acc|Number=Plur	_	_	_	@iag1988f_words#@iag1988f#163.101#163.36
523	награды	награда	NOUN	_	Animacy=Inan|Case=Acc|Gender=Fem|Number=Plur	_	_	_	@iag1988f_words#@iag1988f#163.36#163.619
524	/	/	PUNCT	_	_	_	_	_	@iag1988f_words#@iag1988f#163.619#163.878
525	кому	кто	PRON	_	Case=Dat	_	_	_	@iag1988f_words#@iag1988f#163.878#164.137
526	они	они	PRON	_	Case=Nom|Number=Plur|Person=3	_	_	_	@iag1988f_words#@iag1988f#164.137#164.396
527	нужны	нужный	ADJ	_	Degree=Pos|Number=Plur|Variant=Short	_	_	_	@iag1988f_words#@iag1988f#164.396#164.655
528	/	/	PUNCT	_	_	_	_	_	@iag1988f_words#@iag1988f#164.655#164.914
529	ты	ты	PRON	_	Case=Nom|Number=Sing|Person=2	_	_	_	@iag1988f_words#@iag1988f#164.914#165.173
530	классная	классный	ADJ	_	Case=Nom|Degree=Pos|Gender=Fem|Number=Sing	_	_	_	@iag1988f_words#@iag1988f#165.173#165.432
531	актриса	актриса	NOUN	_	Animacy=Anim|Case=Nom|Gender=Fem|Number=Sing	_	_	_	@iag1988f_words#@iag1988f#165.432#165.691
532	/	/	PUNCT	_	_	_	_	_	@iag1988f_words#@iag1988f#165.691#165.95
533	и	и	CCONJ	_	_	_	_	_	@iag1988f_words#@iag1988f#165.95#166.209
534	ты	ты	PRON	_	Case=Nom|Number=Sing|Person=2	_	_	_	@iag1988f_words#@iag1988f#166.209#166.468
535	так	так	ADV	_	Degree=Pos	_	_	_	@iag1988f_words#@iag1988f#166.468#166.727
536	/	/	PUNCT	_	_	_	_	_	@iag1988f_words#@iag1988f#166.727#166.986
537	типо	типо	NOUN	_	Animacy=Inan|Case=Nom|Gender=Neut|Number=Sing	_	_	_	@iag1988f_words#@iag1988f#166.986#167.245
538	/	/	PUNCT	_	_	_	_	_	@iag1988f_words#@iag1988f#167.245#167.504
539	хехе	хехе	ADJ	_	Degree=Cmp	_	_	_	@iag1988f_words#@iag1988f#167.504#167.763
540	спасибо	спасибо	NOUN	_	Animacy=Inan|Case=Nom|Gender=Neut|Number=Sing	_	_	_	@iag1988f_words#@iag1988f#167.763#168.022
541	/	/	PUNCT	_	_	_	_	_	@iag1988f_words#@iag1988f#168.022#168.281
542	да	да	CCONJ	_	_	_	_	_	@iag1988f_words#@iag1988f#168.281#168.54
543	ребят	ребята	NOUN	_	Animacy=Anim|Case=Gen|Gender=Neut|Number=Plur	_	_	_	@iag1988f_words#@iag1988f#168.54#168.799
544	ну	ну	PART	_	_	_	_	_	@iag1988f_words#@iag1988f#168.799#169.058
545	конечно	конечно	ADV	_	Degree=Pos	_	_	_	@iag1988f_words#@iag1988f#169.058#169.317
546	ну	ну	PART	_	_	_	_	_	@iag1988f_words#@iag1988f#169.317#169.576
547	/	/	PUNCT	_	_	_	_	_	@iag1988f_words#@iag1988f#169.576#169.835
548	/	/	PUNCT	_	_	_	_	_	@iag1988f_words#@iag1988f#169.835#170.094
549	ну	ну	PART	_	_	_	_	_	@iag1988f_words#@iag1988f#170.094#170.353
550	бред	бред	NOUN	_	Animacy=Anim|Case=Nom|Gender=Masc|Number=Sing	_	_	_	@iag1988f_words#@iag1988f#170.353#170.612
551	бред	бред	NOUN	_	Animacy=Inan|Case=Nom|Gender=Masc|Number=Sing	_	_	_	@iag1988f_words#@iag1988f#170.612#170.871
552	/	/	PUNCT	_	_	_	_	_	@iag1988f_words#@iag1988f#170.871#171.13
553	и	и	CCONJ	_	_	_	_	_	@iag1988f_words#@iag1988f#171.13#171.389
554	ты	ты	PRON	_	Case=Nom|Number=Sing|Person=2	_	_	_	@iag1988f_words#@iag1988f#171.389#171.648
555	идешь	идти	VERB	_	Aspect=Imp|Mood=Ind|Number=Sing|Person=2|Tense=Pres|VerbForm=Fin|Voice=Act	_	_	_	@iag1988f_words#@iag1988f#171.648#171.907
556	в	в	ADP	_	_	_	_	_	@iag1988f_words#@iag1988f#171.907#172.166
557	гостиницу	гостиница	NOUN	_	Animacy=Inan|Case=Acc|Gender=Fem|Number=Sing	_	_	_	@iag1988f_words#@iag1988f#172.166#172.425
558	и	и	CCONJ	_	_	_	_	_	@iag1988f_words#@iag1988f#172.425#172.684
559	начинаешь	начинать	VERB	_	Aspect=Imp|Mood=Ind|Number=Sing|Person=2|Tense=Pres|VerbForm=Fin|Voice=Act	_	_	_	@iag1988f_words#@iag1988f#172.684#172.943
560	рыдать	рыдать	VERB	_	Aspect=Imp|VerbForm=Inf|Voice=Act	_	_	_	@iag1988f_words#@iag1988f#172.943#173.265
561	Начинаешь	начинать	VERB	_	Aspect=Imp|Mood=Ind|Number=Sing|Person=2|Tense=Pres|VerbForm=Fin|Voice=Act	_	_	_	@iag1988f_words#@iag1988f#174.985#175.322
562	рыдать	рыдать	VERB	_	Aspect=Imp|VerbForm=Inf|Voice=Act	_	_	_	@iag1988f_words#@iag1988f#175.322#175.659
563	как	как	SCONJ	_	_	_	_	_	@iag1988f_words#@iag1988f#175.659#175.996
564	ребенок	ребенок	NOUN	_	Animacy=Anim|Case=Nom|Gender=Masc|Number=Sing	_	_	_	@iag1988f_words#@iag1988f#175.996#176.333
565	/	/	PUNCT	_	_	_	_	_	@iag1988f_words#@iag1988f#176.333#176.67
566	потому	потому	ADV	_	Degree=Pos	_	_	_	@iag1988f_words#@iag1988f#176.67#177.007
567	что	что	SCONJ	_	_	_	_	_	@iag1988f_words#@iag1988f#177.007#177.344
568	тебе	ты	PRON	_	Case=Dat|Number=Sing|Person=2	_	_	_	@iag1988f_words#@iag1988f#177.344#177.681
569	не	не	PART	_	_	_	_	_	@iag1988f_words#@iag1988f#177.681#178.018
570	дали	дать	VERB	_	Aspect=Perf|Mood=Ind|Number=Plur|Tense=Past|VerbForm=Fin|Voice=Act	_	_	_	@iag1988f_words#@iag1988f#178.018#178.355
571	эту	этот	DET	_	Case=Acc|Gender=Fem|Number=Sing	_	_	_	@iag1988f_words#@iag1988f#178.355#178.692
572	/	/	PUNCT	_	_	_	_	_	@iag1988f_words#@iag1988f#178.692#179.029
573	эту	этот	DET	_	Case=Acc|Gender=Fem|Number=Sing	_	_	_	@iag1988f_words#@iag1988f#179.029#179.366
574	заветную	заветный	ADJ	_	Case=Acc|Degree=Pos|Gender=Fem|Number=Sing	_	_	_	@iag1988f_words#@iag1988f#179.366#179.703
575	игрушку	игрушка	NOUN	_	Animacy=Inan|Case=Acc|Gender=Fem|Number=Sing	_	_	_	@iag1988f_words#@iag1988f#179.703#180.04
576	/	/	PUNCT	_	_	_	_	_	@iag1988f_words#@iag1988f#180.04#180.377
577	эту	этот	DET	_	Case=Acc|Gender=Fem|Number=Sing	_	_	_	@iag1988f_words#@iag1988f#180.377#180.714
578	куклу	кукла	NOUN	_	Animacy=Inan|Case=Acc|Gender=Fem|Number=Sing	_	_	_	@iag1988f_words#@iag1988f#180.714#181.051
579	которую	который	PRON	_	Case=Acc	_	_	_	@iag1988f_words#@iag1988f#181.051#181.388
580	знаешь	знать	VERB	_	Aspect=Imp|Mood=Ind|Number=Sing|Person=2|Tense=Pres|VerbForm=Fin|Voice=Act	_	_	_	@iag1988f_words#@iag1988f#181.388#181.725
581	типо	типо	NOUN	_	Degree=Pos	_	_	_	@iag1988f_words#@iag1988f#181.725#182.07
582	А	а	CCONJ	_	_	_	_	_	@iag1988f_words#@iag1988f#182.57#182.911
583	знаешь	знать	VERB	_	Aspect=Imp|Mood=Ind|Number=Sing|Person=2|Tense=Pres|VerbForm=Fin|Voice=Act	_	_	_	@iag1988f_words#@iag1988f#182.911#183.252
584	еще	еще	ADV	_	Degree=Pos	_	_	_	@iag1988f_words#@iag1988f#183.252#183.593
585	какое	какой	DET	_	Case=Acc|Gender=Neut|Number=Sing	_	_	_	@iag1988f_words#@iag1988f#183.593#183.934
586	чувство	чувство	NOUN	_	Animacy=Inan|Case=Acc|Gender=Neut|Number=Sing	_	_	_	@iag1988f_words#@iag1988f#183.934#184.275
587	тоже	тоже	PART	_	_	_	_	_	@iag1988f_words#@iag1988f#184.275#184.616
588	рождается	рождаться	VERB	_	Aspect=Imp|Mood=Ind|Number=Sing|Person=3|Tense=Pres|VerbForm=Fin|Voice=Mid	_	_	_	@iag1988f_words#@iag1988f#184.616#184.96
589	что	что	SCONJ	_	_	_	_	_	@iag1988f_words#@iag1988f#185.095#185.395
590	типо	типо	NOUN	_	Animacy=Inan|Case=Nom|Gender=Neut|Number=Sing	_	_	_	@iag1988f_words#@iag1988f#185.395#185.695
591	/	/	PUNCT	_	_	_	_	_	@iag1988f_words#@iag1988f#185.695#185.995
592	все	все	PART	_	_	_	_	_	@iag1988f_words#@iag1988f#185.995#186.295
593	больше	больше	ADV	_	Degree=Cmp	_	_	_	@iag1988f_words#@iag1988f#186.295#186.595
594	никогда	никогда	ADV	_	Degree=Pos	_	_	_	@iag1988f_words#@iag1988f#186.595#186.895
595	не	не	PART	_	_	_	_	_	@iag1988f_words#@iag1988f#186.895#187.195
596	будет	быть	VERB	_	Aspect=Imp|Mood=Ind|Number=Sing|Person=3|Tense=Pres|VerbForm=Fin|Voice=Act	_	_	_	@iag1988f_words#@iag1988f#187.195#187.495
597	/	/	PUNCT	_	_	_	_	_	@iag1988f_words#@iag1988f#187.495#187.795
598	никогда	никогда	ADV	_	Degree=Pos	_	_	_	@iag1988f_words#@iag1988f#187.795#188.095
599	никогда	никогда	ADV	_	Degree=Pos	_	_	_	@iag1988f_words#@iag1988f#188.095#188.395
600	/	/	PUNCT	_	_	_	_	_	@iag1988f_words#@iag1988f#188.395#188.695
601	мало	мало	ADV	_	Degree=Pos	_	_	_	@iag1988f_words#@iag1988f#188.695#188.995
602	того	то	PRON	_	Animacy=Inan|Case=Gen|Gender=Neut|Number=Sing	_	_	_	@iag1988f_words#@iag1988f#188.995#189.295
603	что	что	PRON	_	Case=Nom	_	_	_	@iag1988f_words#@iag1988f#189.295#189.595
604	/	/	PUNCT	_	_	_	_	_	@iag1988f_words#@iag1988f#189.595#189.895
605	мне	я	PRON	_	Case=Dat|Number=Sing|Person=1	_	_	_	@iag1988f_words#@iag1988f#189.895#190.195
606	так	так	ADV	_	Degree=Pos	_	_	_	@iag1988f_words#@iag1988f#190.195#190.495
607	фортануло	фортануть	VERB	_	Aspect=Perf|Gender=Neut|Mood=Ind|Number=Sing|Tense=Past|VerbForm=Fin|Voice=Act	_	_	_	@iag1988f_words#@iag1988f#190.495#190.795
608	что	что	PRON	_	Case=Acc	_	_	_	@iag1988f_words#@iag1988f#190.795#191.095
609	знаешь	знать	VERB	_	Aspect=Imp|Mood=Ind|Number=Sing|Person=2|Tense=Pres|VerbForm=Fin|Voice=Act	_	_	_	@iag1988f_words#@iag1988f#191.095#191.395
610	типо	типо	NOUN	_	Degree=Pos	_	_	_	@iag1988f_words#@iag1988f#191.395#191.695
611	я	я	PRON	_	Case=Nom|Number=Sing|Person=1	_	_	_	@iag1988f_words#@iag1988f#191.695#191.995
612	снялась	сняться	VERB	_	Aspect=Perf|Gender=Fem|Mood=Ind|Number=Sing|Tense=Past|VerbForm=Fin|Voice=Mid	_	_	_	@iag1988f_words#@iag1988f#191.995#192.295
613	/	/	PUNCT	_	_	_	_	_	@iag1988f_words#@iag1988f#192.295#192.595
614	в	в	ADP	_	_	_	_	_	@iag1988f_words#@iag1988f#192.595#192.895
615	фильме	фильм	NOUN	_	Animacy=Inan|Case=Loc|Gender=Masc|Number=Sing	_	_	_	@iag1988f_words#@iag1988f#192.895#193.195
616	так	так	ADV	_	Degree=Pos	_	_	_	@iag1988f_words#@iag1988f#193.195#193.495
617	/	/	PUNCT	_	_	_	_	_	@iag1988f_words#@iag1988f#193.495#193.795
618	теперь	теперь	ADV	_	Degree=Pos	_	_	_	@iag1988f_words#@iag1988f#193.795#194.095
619	/	/	PUNCT	_	_	_	_	_	@iag1988f_words#@iag1988f#194.095#194.395
620	ну	ну	PART	_	_	_	_	_	@iag1988f_words#@iag1988f#194.395#194.695
621	/	/	PUNCT	_	_	_	_	_	@iag1988f_words#@iag1988f#194.695#194.995
622	чтобы	чтобы	SCONJ	_	Mood=Cnd	_	_	_	@iag1988f_words#@iag1988f#194.995#195.295
623	такое	такой	DET	_	Case=Nom|Gender=Neut|Number=Sing	_	_	_	@iag1988f_words#@iag1988f#195.295#195.595
624	еще	еще	ADV	_	Degree=Pos	_	_	_	@iag1988f_words#@iag1988f#195.595#195.895
625	со	с	ADP	_	_	_	_	_	@iag1988f_words#@iag1988f#195.895#196.195
626	мной	я	PRON	_	Case=Ins|Number=Sing|Person=1	_	_	_	@iag1988f_words#@iag1988f#196.195#196.495
627	произошло	произойти	VERB	_	Aspect=Perf|Gender=Neut|Mood=Ind|Number=Sing|Tense=Past|VerbForm=Fin|Voice=Act	_	_	_	@iag1988f_words#@iag1988f#196.495#196.795
628	и	и	CCONJ	_	_	_	_	_	@iag1988f_words#@iag1988f#196.795#197.095
629	меня	я	PRON	_	Case=Acc|Number=Sing|Person=1	_	_	_	@iag1988f_words#@iag1988f#197.095#197.395
630	там	там	ADV	_	Degree=Pos	_	_	_	@iag1988f_words#@iag1988f#197.395#197.695
631	ну	ну	PART	_	_	_	_	_	@iag1988f_words#@iag1988f#197.695#198.0
632	не	не	PART	_	_	_	_	_	@iag1988f_words#@iag1988f#198.995#199.319
633	знаю	знать	VERB	_	Aspect=Imp|Mood=Ind|Number=Sing|Person=1|Tense=Pres|VerbForm=Fin|Voice=Act	_	_	_	@iag1988f_words#@iag1988f#199.319#199.643
634	там	там	ADV	_	Degree=Pos	_	_	_	@iag1988f_words#@iag1988f#199.643#199.967
635	выделили	выделить	VERB	_	Aspect=Perf|Mood=Ind|Number=Plur|Tense=Past|VerbForm=Fin|Voice=Act	_	_	_	@iag1988f_words#@iag1988f#199.967#200.291
636	или	или	CCONJ	_	_	_	_	_	@iag1988f_words#@iag1988f#200.291#200.615
637	там	там	ADV	_	Degree=Pos	_	_	_	@iag1988f_words#@iag1988f#200.615#200.939
638	я	я	PRON	_	Case=Nom|Number=Sing|Person=1	_	_	_	@iag1988f_words#@iag1988f#200.939#201.263
639	поехала	поехать	VERB	_	Aspect=Perf|Gender=Fem|Mood=Ind|Number=Sing|Tense=Past|VerbForm=Fin|Voice=Act	_	_	_	@iag1988f_words#@iag1988f#201.263#201.587
640	на	на	ADP	_	_	_	_	_	@iag1988f_words#@iag1988f#201.587#201.911
641	такой	такой	DET	_	Case=Acc|Gender=Masc|Number=Sing	_	_	_	@iag1988f_words#@iag1988f#201.911#202.235
642	же	же	PART	_	_	_	_	_	@iag1988f_words#@iag1988f#202.235#202.559
643	кинофестиваль	кинофестиваль	NOUN	_	Animacy=Inan|Case=Acc|Gender=Masc|Number=Sing	_	_	_	@iag1988f_words#@iag1988f#202.559#202.883
644	и	и	CCONJ	_	_	_	_	_	@iag1988f_words#@iag1988f#202.883#203.207
645	меня	я	PRON	_	Case=Acc|Number=Sing|Person=1	_	_	_	@iag1988f_words#@iag1988f#203.207#203.531
646	отметили	отметить	VERB	_	Aspect=Perf|Mood=Ind|Number=Plur|Tense=Past|VerbForm=Fin|Voice=Act	_	_	_	@iag1988f_words#@iag1988f#203.531#203.855
647	вот	вот	PART	_	_	_	_	_	@iag1988f_words#@iag1988f#203.855#204.179
648	ощущение	ощущение	NOUN	_	Animacy=Inan|Case=Acc|Gender=Neut|Number=Sing	_	_	_	@iag1988f_words#@iag1988f#204.179#204.503
649	что	что	SCONJ	_	_	_	_	_	@iag1988f_words#@iag1988f#204.503#204.827
650	типо	типо	ADV	_	Degree=Pos	_	_	_	@iag1988f_words#@iag1988f#204.827#205.151
651	больше	больше	ADV	_	Degree=Cmp	_	_	_	@iag1988f_words#@iag1988f#205.151#205.475
652	никогда	никогда	ADV	_	Degree=Pos	_	_	_	@iag1988f_words#@iag1988f#205.475#205.799
653	/	/	PUNCT	_	_	_	_	_	@iag1988f_words#@iag1988f#205.799#206.123
654	что	что	SCONJ	_	_	_	_	_	@iag1988f_words#@iag1988f#206.123#206.447
655	это	это	PRON	_	Animacy=Inan|Case=Nom|Gender=Neut|Number=Sing	_	_	_	@iag1988f_words#@iag1988f#206.447#206.771
656	последний	последний	ADJ	_	Case=Nom|Degree=Pos|Gender=Masc|Number=Sing	_	_	_	@iag1988f_words#@iag1988f#206.771#207.095
657	был	быть	AUX	_	Aspect=Imp|Gender=Masc|Mood=Ind|Number=Sing|Tense=Past|VerbForm=Fin|Voice=Act	_	_	_	@iag1988f_words#@iag1988f#207.095#207.419
658	раз	раз	NOUN	_	Animacy=Inan|Case=Acc|Gender=Masc|Number=Sing	_	_	_	@iag1988f_words#@iag1988f#207.419#207.743
659	в	в	ADP	_	_	_	_	_	@iag1988f_words#@iag1988f#207.743#208.067
660	твоей	твой	DET	_	Case=Loc|Gender=Fem|Number=Sing	_	_	_	@iag1988f_words#@iag1988f#208.067#208.391
661	жизни	жизнь	NOUN	_	Animacy=Inan|Case=Loc|Gender=Fem|Number=Sing	_	_	_	@iag1988f_words#@iag1988f#208.391#208.715
662	и	и	CCONJ	_	_	_	_	_	@iag1988f_words#@iag1988f#208.715#209.039
663	он	он	PRON	_	Case=Nom|Gender=Masc|Number=Sing|Person=3	_	_	_	@iag1988f_words#@iag1988f#209.039#209.363
664	не	не	PART	_	_	_	_	_	@iag1988f_words#@iag1988f#209.363#209.687
665	случился	случиться	VERB	_	Aspect=Perf|Gender=Masc|Mood=Ind|Number=Sing|Tense=Past|VerbForm=Fin|Voice=Mid	_	_	_	@iag1988f_words#@iag1988f#209.687#210.011
666	/	/	PUNCT	_	_	_	_	_	@iag1988f_words#@iag1988f#210.011#210.335
667	то	то	PRON	_	Animacy=Inan|Case=Nom|Gender=Neut|Number=Sing	_	_	_	@iag1988f_words#@iag1988f#210.335#210.659
668	есть	быть	VERB	_	Aspect=Imp|Mood=Ind|Number=Sing|Person=3|Tense=Pres|VerbForm=Fin|Voice=Act	_	_	_	@iag1988f_words#@iag1988f#210.659#210.983
669	Золушка	Золушка	PROPN	_	Animacy=Inan|Case=Nom|Gender=Fem|Number=Sing	_	_	_	@iag1988f_words#@iag1988f#210.983#211.307
670	не	не	PART	_	_	_	_	_	@iag1988f_words#@iag1988f#211.307#211.631
671	превратилась	превратиться	VERB	_	Aspect=Perf|Gender=Fem|Mood=Ind|Number=Sing|Tense=Past|VerbForm=Fin|Voice=Mid	_	_	_	@iag1988f_words#@iag1988f#211.631#211.955
672	в	в	ADP	_	_	_	_	_	@iag1988f_words#@iag1988f#211.955#212.279
673	Золушку	Золушка	PROPN	_	Animacy=Inan|Case=Acc|Gender=Fem|Number=Sing	_	_	_	@iag1988f_words#@iag1988f#212.279#212.625
674	я	я	PRON	_	Case=Nom|Number=Sing|Person=1	_	_	_	@iag1988f_words#@iag1988f#213.745#214.042
675	рыдала	рыдать	VERB	_	Aspect=Perf|Gender=Fem|Mood=Ind|Number=Sing|Tense=Past|VerbForm=Fin|Voice=Act	_	_	_	@iag1988f_words#@iag1988f#214.042#214.339
678	но	но	CCONJ	_	_	_	_	_	@iag1988f_words#@iag1988f#214.933#215.23
679	потом	потом	ADV	_	Degree=Pos	_	_	_	@iag1988f_words#@iag1988f#215.23#215.527
680	я	я	PRON	_	Case=Nom|Number=Sing|Person=1	_	_	_	@iag1988f_words#@iag1988f#215.527#215.824
681	ржала	ржать	VERB	_	Aspect=Imp|Gender=Fem|Mood=Ind|Number=Sing|Tense=Past|VerbForm=Fin|Voice=Act	_	_	_	@iag1988f_words#@iag1988f#215.824#216.125
685	и	и	CCONJ	_	_	_	_	_	@iag1988f_words#@iag1988f#217.462#217.751
686	я	я	PRON	_	Case=Nom|Number=Sing|Person=1	_	_	_	@iag1988f_words#@iag1988f#217.751#218.04
687	не	не	PART	_	_	_	_	_	@iag1988f_words#@iag1988f#218.04#218.329
688	могу	мочь	VERB	_	Aspect=Imp|Mood=Ind|Number=Sing|Person=1|Tense=Pres|VerbForm=Fin|Voice=Act	_	_	_	@iag1988f_words#@iag1988f#218.329#218.618
689	сказать	сказать	VERB	_	Aspect=Perf|VerbForm=Inf|Voice=Act	_	_	_	@iag1988f_words#@iag1988f#218.618#218.907
690	что	что	PRON	_	Case=Acc	_	_	_	@iag1988f_words#@iag1988f#218.907#219.196
691	мне	я	PRON	_	Case=Dat|Number=Sing|Person=1	_	_	_	@iag1988f_words#@iag1988f#219.196#219.485
692	было	быть	AUX	_	Aspect=Imp|Gender=Neut|Mood=Ind|Number=Sing|Tense=Past|VerbForm=Fin|Voice=Act	_	_	_	@iag1988f_words#@iag1988f#219.485#219.774
693	стыдно	стыдно	ADV	_	Degree=Pos	_	_	_	@iag1988f_words#@iag1988f#219.774#220.063
698	потому	потому	ADV	_	Degree=Pos	_	_	_	@iag1988f_words#@iag1988f#221.219#221.508
699	что	что	SCONJ	_	_	_	_	_	@iag1988f_words#@iag1988f#221.508#221.797
700	/	/	PUNCT	_	_	_	_	_	@iag1988f_words#@iag1988f#221.797#222.086
701	я	я	PRON	_	Case=Nom|Number=Sing|Person=1	_	_	_	@iag1988f_words#@iag1988f#222.086#222.375
702	прям	прям	ADV	_	Degree=Pos	_	_	_	@iag1988f_words#@iag1988f#222.375#222.664
703	увидела	видеть	VERB	_	Aspect=Perf|Gender=Fem|Mood=Ind|Number=Sing|Tense=Past|VerbForm=Fin|Voice=Act	_	_	_	@iag1988f_words#@iag1988f#222.664#222.953
704	этого	этот	DET	_	Case=Acc|Gender=Masc|Number=Sing	_	_	_	@iag1988f_words#@iag1988f#222.953#223.242
705	ребенка	ребенок	NOUN	_	Animacy=Anim|Case=Acc|Gender=Masc|Number=Sing	_	_	_	@iag1988f_words#@iag1988f#223.242#223.531
706	/	/	PUNCT	_	_	_	_	_	@iag1988f_words#@iag1988f#223.531#223.82
707	и	и	CCONJ	_	_	_	_	_	@iag1988f_words#@iag1988f#223.82#224.109
708	я	я	PRON	_	Case=Nom|Number=Sing|Person=1	_	_	_	@iag1988f_words#@iag1988f#224.109#224.398
709	такая	такой	DET	_	Case=Nom|Gender=Fem|Number=Sing	_	_	_	@iag1988f_words#@iag1988f#224.398#224.687
710	думаю	думать	VERB	_	Aspect=Imp|Mood=Ind|Number=Sing|Person=1|Tense=Pres|VerbForm=Fin|Voice=Act	_	_	_	@iag1988f_words#@iag1988f#224.687#224.976
711	вот	вот	PART	_	_	_	_	_	@iag1988f_words#@iag1988f#224.976#225.265
712	это	это	PRON	_	Animacy=Inan|Case=Acc|Gender=Neut|Number=Sing	_	_	_	@iag1988f_words#@iag1988f#225.265#225.554
713	/	/	PUNCT	_	_	_	_	_	@iag1988f_words#@iag1988f#225.554#225.843
714	/	/	PUNCT	_	_	_	_	_	@iag1988f_words#@iag1988f#225.843#226.132
715	вот	вот	PART	_	_	_	_	_	@iag1988f_words#@iag1988f#226.132#226.421
716	это	это	PRON	_	Animacy=Inan|Case=Nom|Gender=Neut|Number=Sing	_	_	_	@iag1988f_words#@iag1988f#226.421#226.71
717	прикол	прикол	NOUN	_	Animacy=Inan|Case=Nom|Gender=Masc|Number=Sing	_	_	_	@iag1988f_words#@iag1988f#226.71#226.999
718	/	/	PUNCT	_	_	_	_	_	@iag1988f_words#@iag1988f#226.999#227.288
722	то	то	PRON	_	Animacy=Inan|Case=Nom|Gender=Neut|Number=Sing	_	_	_	@iag1988f_words#@iag1988f#228.155#228.444
723	есть	быть	VERB	_	Aspect=Imp|Mood=Ind|Number=Sing|Person=3|Tense=Pres|VerbForm=Fin|Voice=Act	_	_	_	@iag1988f_words#@iag1988f#228.444#228.733
724	насколько	насколько	ADV	_	Degree=Pos	_	_	_	@iag1988f_words#@iag1988f#228.733#229.04
725	все	все	PART	_	_	_	_	_	@iag1988f_words#@iag1988f#229.885#230.331
726	же	же	PART	_	_	_	_	_	@iag1988f_words#@iag1988f#230.331#230.777
727	внутри	внутри	ADV	_	Degree=Pos	_	_	_	@iag1988f_words#@iag1988f#230.777#231.225
729	мы	мы	PRON	_	Case=Nom|Number=Plur|Person=1	_	_	_	@iag1988f_words#@iag1988f#232.376#232.757
730	дети	дети	NOUN	_	Animacy=Anim|Case=Nom|Gender=Masc|Number=Plur	_	_	_	@iag1988f_words#@iag1988f#232.757#233.138
731	насколько	насколько	ADV	_	Degree=Pos	_	_	_	@iag1988f_words#@iag1988f#233.138#233.519
732	мы	мы	PRON	_	Case=Nom|Number=Plur|Person=1	_	_	_	@iag1988f_words#@iag1988f#233.519#233.9
733	/	/	PUNCT	_	_	_	_	_	@iag1988f_words#@iag1988f#233.9#234.281
734	/	/	PUNCT	_	_	_	_	_	@iag1988f_words#@iag1988f#234.281#234.662
735	зависимы	зависимый	ADJ	_	Degree=Pos|Number=Plur|Variant=Short	_	_	_	@iag1988f_words#@iag1988f#234.662#235.043
736	от	от	ADP	_	_	_	_	_	@iag1988f_words#@iag1988f#235.043#235.424
737	/	/	PUNCT	_	_	_	_	_	@iag1988f_words#@iag1988f#235.424#235.805
738	/	/	PUNCT	_	_	_	_	_	@iag1988f_words#@iag1988f#235.805#236.186
739	от	от	ADP	_	_	_	_	_	@iag1988f_words#@iag1988f#236.186#236.567
740	поощрения	поощрение	NOUN	_	Animacy=Inan|Case=Gen|Gender=Neut|Number=Sing	_	_	_	@iag1988f_words#@iag1988f#236.567#236.948
741	от	от	ADP	_	_	_	_	_	@iag1988f_words#@iag1988f#236.948#237.329
742	похвалы	похвала	NOUN	_	Animacy=Inan|Case=Gen|Gender=Fem|Number=Sing	_	_	_	@iag1988f_words#@iag1988f#237.329#237.71
743	/	/	PUNCT	_	_	_	_	_	@iag1988f_words#@iag1988f#237.71#238.091
744	особенно	особенный	ADV	_	Degree=Pos	_	_	_	@iag1988f_words#@iag1988f#238.091#238.472
745	/	/	PUNCT	_	_	_	_	_	@iag1988f_words#@iag1988f#238.472#238.853
746	с	с	ADP	_	_	_	_	_	@iag1988f_words#@iag1988f#238.853#239.234
747	точки	точка	NOUN	_	Animacy=Inan|Case=Gen|Gender=Fem|Number=Sing	_	_	_	@iag1988f_words#@iag1988f#239.234#239.615
748	зрения	зрение	NOUN	_	Animacy=Inan|Case=Gen|Gender=Neut|Number=Sing	_	_	_	@iag1988f_words#@iag1988f#239.615#239.996
749	именно	именно	PART	_	_	_	_	_	@iag1988f_words#@iag1988f#239.996#240.377
750	/	/	PUNCT	_	_	_	_	_	@iag1988f_words#@iag1988f#240.377#240.758
751	коллег	коллега	NOUN	_	Animacy=Anim|Case=Gen|Gender=Masc|Number=Plur	_	_	_	@iag1988f_words#@iag1988f#240.758#241.139
752	и	и	CCONJ	_	_	_	_	_	@iag1988f_words#@iag1988f#241.139#241.52
753	индустрии	индустрия	NOUN	_	Animacy=Inan|Case=Gen|Gender=Fem|Number=Sing	_	_	_	@iag1988f_words#@iag1988f#241.52#241.901
754	потому	потому	ADV	_	Degree=Pos	_	_	_	@iag1988f_words#@iag1988f#241.901#242.282
755	что	что	SCONJ	_	_	_	_	_	@iag1988f_words#@iag1988f#242.282#242.663
756	одно	один	NUM	_	Case=Nom|Degree=Pos|Gender=Neut|Number=Sing	_	_	_	@iag1988f_words#@iag1988f#242.663#243.044
757	дело	дело	NOUN	_	Animacy=Inan|Case=Nom|Gender=Neut|Number=Sing	_	_	_	@iag1988f_words#@iag1988f#243.044#243.425
758	когда	когда	SCONJ	_	_	_	_	_	@iag1988f_words#@iag1988f#243.425#243.806
759	тебя	ты	PRON	_	Case=Acc|Number=Sing|Person=2	_	_	_	@iag1988f_words#@iag1988f#243.806#244.187
760	хвалят	хвалить	VERB	_	Aspect=Imp|Mood=Ind|Number=Plur|Person=3|Tense=Pres|VerbForm=Fin|Voice=Act	_	_	_	@iag1988f_words#@iag1988f#244.187#244.568
761	/	/	PUNCT	_	_	_	_	_	@iag1988f_words#@iag1988f#244.568#244.949
762	зрители	зритель	NOUN	_	Animacy=Anim|Case=Nom|Gender=Masc|Number=Plur	_	_	_	@iag1988f_words#@iag1988f#244.949#245.33
763	/	/	PUNCT	_	_	_	_	_	@iag1988f_words#@iag1988f#245.33#245.711
764	или	или	CCONJ	_	_	_	_	_	@iag1988f_words#@iag1988f#245.711#246.092
765	/	/	PUNCT	_	_	_	_	_	@iag1988f_words#@iag1988f#246.092#246.473
766	родители	родитель	NOUN	_	Animacy=Anim|Case=Nom|Gender=Masc|Number=Plur	_	_	_	@iag1988f_words#@iag1988f#246.473#246.854
767	/	/	PUNCT	_	_	_	_	_	@iag1988f_words#@iag1988f#246.854#247.235
768	и	и	CCONJ	_	_	_	_	_	@iag1988f_words#@iag1988f#247.235#247.616
769	ты	ты	PRON	_	Case=Nom|Number=Sing|Person=2	_	_	_	@iag1988f_words#@iag1988f#247.616#247.997
770	как	как	ADV	_	Degree=Pos	_	_	_	@iag1988f_words#@iag1988f#247.997#248.378
771	бы	бы	PART	_	_	_	_	_	@iag1988f_words#@iag1988f#248.378#248.759
772	да	да	PART	_	_	_	_	_	@iag1988f_words#@iag1988f#248.759#249.14
773	/	/	PUNCT	_	_	_	_	_	@iag1988f_words#@iag1988f#249.14#249.521
774	да	да	PART	_	_	_	_	_	@iag1988f_words#@iag1988f#249.521#249.902
775	/	/	PUNCT	_	_	_	_	_	@iag1988f_words#@iag1988f#249.902#250.283
776	да	да	PART	_	_	_	_	_	@iag1988f_words#@iag1988f#250.283#250.664
777	но	но	CCONJ	_	_	_	_	_	@iag1988f_words#@iag1988f#250.664#251.045
778	там	там	ADV	_	Degree=Pos	_	_	_	@iag1988f_words#@iag1988f#251.045#251.426
779	/	/	PUNCT	_	_	_	_	_	@iag1988f_words#@iag1988f#251.426#251.807
780	есть	быть	AUX	_	Aspect=Imp|Mood=Ind|Number=Sing|Person=3|Tense=Pres|VerbForm=Fin|Voice=Act	_	_	_	@iag1988f_words#@iag1988f#251.807#252.188
781	какая-то	какой-то	DET	_	Case=Nom|Gender=Fem|Number=Sing	_	_	_	@iag1988f_words#@iag1988f#252.188#252.569
782	знаешь	знать	VERB	_	Aspect=Imp|Mood=Ind|Number=Sing|Person=2|Tense=Pres|VerbForm=Fin|Voice=Act	_	_	_	@iag1988f_words#@iag1988f#252.569#252.95
783	своя	свой	DET	_	Case=Nom|Gender=Fem|Number=Sing	_	_	_	@iag1988f_words#@iag1988f#252.95#253.331
784	ну	ну	PART	_	_	_	_	_	@iag1988f_words#@iag1988f#253.331#253.712
785	типо	типо	NOUN	_	Degree=Pos	_	_	_	@iag1988f_words#@iag1988f#253.712#254.093
786	когорта	когорта	NOUN	_	Animacy=Inan|Case=Nom|Gender=Fem|Number=Sing	_	_	_	@iag1988f_words#@iag1988f#254.093#254.474
787	/	/	PUNCT	_	_	_	_	_	@iag1988f_words#@iag1988f#254.474#254.855
788	вот	вот	PART	_	_	_	_	_	@iag1988f_words#@iag1988f#254.855#255.236
789	среди	среди	ADP	_	_	_	_	_	@iag1988f_words#@iag1988f#255.236#255.617
790	своих	свой	DET	_	Case=Gen|Number=Plur	_	_	_	@iag1988f_words#@iag1988f#255.617#256.02
791	Да	да	CCONJ	_	_	_	_	_	@iag1988f_words#@iag1988f#276.145#276.755
792	у	у	ADP	_	_	_	_	_	@iag1988f_words#@iag1988f#279.44#279.784
793	меня	я	PRON	_	Case=Gen|Number=Sing|Person=1	_	_	_	@iag1988f_words#@iag1988f#279.784#280.128
794	вообще	вообще	ADV	_	Degree=Pos	_	_	_	@iag1988f_words#@iag1988f#280.128#280.472
795	есть	быть	VERB	_	Aspect=Imp|Mood=Ind|Number=Sing|Person=3|Tense=Pres|VerbForm=Fin|Voice=Act	_	_	_	@iag1988f_words#@iag1988f#280.472#280.816
796	/	/	PUNCT	_	_	_	_	_	@iag1988f_words#@iag1988f#280.816#281.16
797	две	два	NUM	_	Case=Nom|Gender=Fem	_	_	_	@iag1988f_words#@iag1988f#281.16#281.504
798	актрисы	актриса	NOUN	_	Animacy=Anim|Case=Gen|Gender=Fem|Number=Sing	_	_	_	@iag1988f_words#@iag1988f#281.504#281.848
799	/	/	PUNCT	_	_	_	_	_	@iag1988f_words#@iag1988f#281.848#282.192
800	которые	который	PRON	_	Case=Nom	_	_	_	@iag1988f_words#@iag1988f#282.192#282.536
801	для	для	ADP	_	_	_	_	_	@iag1988f_words#@iag1988f#282.536#282.88
802	меня	я	PRON	_	Case=Gen|Number=Sing|Person=1	_	_	_	@iag1988f_words#@iag1988f#282.88#283.224
803	/	/	PUNCT	_	_	_	_	_	@iag1988f_words#@iag1988f#283.224#283.568
804	/	/	PUNCT	_	_	_	_	_	@iag1988f_words#@iag1988f#283.568#283.912
805	ну	ну	PART	_	_	_	_	_	@iag1988f_words#@iag1988f#283.912#284.256
806	можно	можно	ADV	_	Degree=Pos	_	_	_	@iag1988f_words#@iag1988f#284.256#284.6
807	так	так	ADV	_	Degree=Pos	_	_	_	@iag1988f_words#@iag1988f#284.6#284.944
808	сказать	сказать	VERB	_	Aspect=Perf|VerbForm=Inf|Voice=Act	_	_	_	@iag1988f_words#@iag1988f#284.944#285.288
809	путеводные	путеводный	ADJ	_	Animacy=Inan|Case=Acc|Degree=Pos|Number=Plur	_	_	_	@iag1988f_words#@iag1988f#285.288#285.632
810	/	/	PUNCT	_	_	_	_	_	@iag1988f_words#@iag1988f#285.632#285.976
811	звезды	звезда	NOUN	_	Animacy=Inan|Case=Acc|Gender=Fem|Number=Plur	_	_	_	@iag1988f_words#@iag1988f#285.976#286.32
812	вот	вот	PART	_	_	_	_	_	@iag1988f_words#@iag1988f#286.66#287.008
813	ээ	э	X	_	Foreign=Yes	_	_	_	@iag1988f_words#@iag1988f#287.008#287.356
814	/	/	PUNCT	_	_	_	_	_	@iag1988f_words#@iag1988f#287.356#287.704
815	те	тот	DET	_	Case=Nom|Number=Plur	_	_	_	@iag1988f_words#@iag1988f#287.704#288.052
816	актрисы	актриса	NOUN	_	Animacy=Anim|Case=Nom|Gender=Fem|Number=Plur	_	_	_	@iag1988f_words#@iag1988f#288.052#288.4
817	на	на	ADP	_	_	_	_	_	@iag1988f_words#@iag1988f#288.4#288.748
818	которых	который	PRON	_	Case=Loc	_	_	_	@iag1988f_words#@iag1988f#288.748#289.096
819	я	я	PRON	_	Case=Nom|Number=Sing|Person=1	_	_	_	@iag1988f_words#@iag1988f#289.096#289.444
820	смотрю	смотреть	VERB	_	Aspect=Imp|Mood=Ind|Number=Sing|Person=1|Tense=Pres|VerbForm=Fin|Voice=Act	_	_	_	@iag1988f_words#@iag1988f#289.444#289.792
821	ии	и	CCONJ	_	_	_	_	_	@iag1988f_words#@iag1988f#289.792#290.14
822	/	/	PUNCT	_	_	_	_	_	@iag1988f_words#@iag1988f#290.14#290.488
823	внутренне	внутренне	ADV	_	Degree=Pos	_	_	_	@iag1988f_words#@iag1988f#290.488#290.836
824	всегда	всегда	ADV	_	Degree=Pos	_	_	_	@iag1988f_words#@iag1988f#290.836#291.184
825	/	/	PUNCT	_	_	_	_	_	@iag1988f_words#@iag1988f#291.184#291.532
826	ээ	э	X	_	_	_	_	_	@iag1988f_words#@iag1988f#291.532#291.88
827	/	/	PUNCT	_	_	_	_	_	@iag1988f_words#@iag1988f#291.88#292.228
828	мне	я	PRON	_	Case=Dat|Number=Sing|Person=1	_	_	_	@iag1988f_words#@iag1988f#292.228#292.576
829	хочется	хотеться	VERB	_	Aspect=Imp|Mood=Ind|Number=Sing|Person=3|Tense=Pres|VerbForm=Fin|Voice=Mid	_	_	_	@iag1988f_words#@iag1988f#292.576#292.924
830	на	на	ADP	_	_	_	_	_	@iag1988f_words#@iag1988f#292.924#293.272
831	них	они	PRON	_	Case=Acc|Number=Plur|Person=3	_	_	_	@iag1988f_words#@iag1988f#293.272#293.62
832	равняться	равняться	VERB	_	Aspect=Imp|VerbForm=Inf|Voice=Mid	_	_	_	@iag1988f_words#@iag1988f#293.62#293.968
833	/	/	PUNCT	_	_	_	_	_	@iag1988f_words#@iag1988f#293.968#294.316
834	/	/	PUNCT	_	_	_	_	_	@iag1988f_words#@iag1988f#294.316#294.664
835	этоо	это	PRON	_	Animacy=Inan|Case=Nom|Gender=Neut|Number=Sing	_	_	_	@iag1988f_words#@iag1988f#294.664#295.012
836	/	/	PUNCT	_	_	_	_	_	@iag1988f_words#@iag1988f#295.012#295.36
837	Мерил	Мерил	PROPN	_	Animacy=Anim|Case=Nom|Gender=Masc|Number=Sing	_	_	_	@iag1988f_words#@iag1988f#295.36#295.708
838	Стрип	Стрип	PROPN	_	Animacy=Anim|Case=Nom|Gender=Masc|Number=Sing	_	_	_	@iag1988f_words#@iag1988f#295.708#296.056
839	/	/	PUNCT	_	_	_	_	_	@iag1988f_words#@iag1988f#296.056#296.404
840	/	/	PUNCT	_	_	_	_	_	@iag1988f_words#@iag1988f#296.404#296.752
841	и	и	CCONJ	_	_	_	_	_	@iag1988f_words#@iag1988f#296.752#297.1
842	Фрэнсис	Фрэнсис	PROPN	_	Animacy=Anim|Case=Nom|Gender=Masc|Number=Sing	_	_	_	@iag1988f_words#@iag1988f#297.1#297.448
843	Макдорманд	Макдорманд	PROPN	_	Animacy=Anim|Case=Nom|Gender=Masc|Number=Sing	_	_	_	@iag1988f_words#@iag1988f#297.448#297.8
844	то	то	PRON	_	Animacy=Inan|Case=Nom|Gender=Neut|Number=Sing	_	_	_	@iag1988f_words#@iag1988f#298.32#298.697
845	есть	быть	VERB	_	Aspect=Imp|Mood=Ind|Number=Sing|Person=3|Tense=Pres|VerbForm=Fin|Voice=Act	_	_	_	@iag1988f_words#@iag1988f#298.697#299.074
846	это	это	PRON	_	Animacy=Inan|Case=Nom|Gender=Neut|Number=Sing	_	_	_	@iag1988f_words#@iag1988f#299.074#299.451
847	/	/	PUNCT	_	_	_	_	_	@iag1988f_words#@iag1988f#299.451#299.828
848	ээ	ээ	X	_	_	_	_	_	@iag1988f_words#@iag1988f#299.828#300.205
849	/	/	PUNCT	_	_	_	_	_	@iag1988f_words#@iag1988f#300.205#300.582
850	две	два	NUM	_	Case=Nom|Gender=Fem	_	_	_	@iag1988f_words#@iag1988f#300.582#300.959
851	абсолютно	абсолютно	ADV	_	Degree=Pos	_	_	_	@iag1988f_words#@iag1988f#300.959#301.336
852	/	/	PUNCT	_	_	_	_	_	@iag1988f_words#@iag1988f#301.336#301.713
853	живые	живой	ADJ	_	Case=Nom|Degree=Pos|Number=Plur	_	_	_	@iag1988f_words#@iag1988f#301.713#302.09
854	/	/	PUNCT	_	_	_	_	_	@iag1988f_words#@iag1988f#302.09#302.467
855	самобытные	самобытный	ADJ	_	Case=Nom|Degree=Pos|Number=Plur	_	_	_	@iag1988f_words#@iag1988f#302.467#302.844
856	/	/	PUNCT	_	_	_	_	_	@iag1988f_words#@iag1988f#302.844#303.221
857	талантливейшие	талантливый	ADJ	_	Case=Nom|Degree=Sup|Number=Plur	_	_	_	@iag1988f_words#@iag1988f#303.221#303.598
858	актрисы	актриса	NOUN	_	Animacy=Anim|Case=Nom|Gender=Fem|Number=Plur	_	_	_	@iag1988f_words#@iag1988f#303.598#303.975
859	вот	вот	PART	_	_	_	_	_	@iag1988f_words#@iag1988f#303.975#304.352
860	/	/	PUNCT	_	_	_	_	_	@iag1988f_words#@iag1988f#304.352#304.729
861	глядя	глядеть	VERB	_	Aspect=Imp|Tense=Pres|VerbForm=Conv|Voice=Act	_	_	_	@iag1988f_words#@iag1988f#304.729#305.106
862	на	на	ADP	_	_	_	_	_	@iag1988f_words#@iag1988f#305.106#305.483
863	игру	игра	NOUN	_	Animacy=Inan|Case=Acc|Gender=Fem|Number=Sing	_	_	_	@iag1988f_words#@iag1988f#305.483#305.86
864	которых	который	PRON	_	Case=Gen	_	_	_	@iag1988f_words#@iag1988f#305.86#306.237
865	вот	вот	PART	_	_	_	_	_	@iag1988f_words#@iag1988f#306.237#306.614
866	у	у	ADP	_	_	_	_	_	@iag1988f_words#@iag1988f#306.614#306.991
867	меня	я	PRON	_	Case=Gen|Number=Sing|Person=1	_	_	_	@iag1988f_words#@iag1988f#306.991#307.368
868	прям	прям	ADV	_	Degree=Pos	_	_	_	@iag1988f_words#@iag1988f#307.368#307.745
869	порой	порой	ADV	_	Degree=Pos	_	_	_	@iag1988f_words#@iag1988f#307.745#308.122
870	/	/	PUNCT	_	_	_	_	_	@iag1988f_words#@iag1988f#308.122#308.499
871	я	я	PRON	_	Case=Nom|Number=Sing|Person=1	_	_	_	@iag1988f_words#@iag1988f#308.499#308.876
872	такая	такой	DET	_	Case=Nom|Gender=Fem|Number=Sing	_	_	_	@iag1988f_words#@iag1988f#308.876#309.253
873	типо	типо	NOUN	_	Degree=Pos	_	_	_	@iag1988f_words#@iag1988f#309.253#309.63
874	/	/	PUNCT	_	_	_	_	_	@iag1988f_words#@iag1988f#309.63#310.007
875	/	/	PUNCT	_	_	_	_	_	@iag1988f_words#@iag1988f#310.007#310.384
876	ну	ну	PART	_	_	_	_	_	@iag1988f_words#@iag1988f#310.384#310.761
877	как	как	ADV	_	Degree=Pos	_	_	_	@iag1988f_words#@iag1988f#310.761#311.138
878	бы	бы	PART	_	_	_	_	_	@iag1988f_words#@iag1988f#311.138#311.515
879	/	/	PUNCT	_	_	_	_	_	@iag1988f_words#@iag1988f#311.515#311.892
880	/	/	PUNCT	_	_	_	_	_	@iag1988f_words#@iag1988f#311.892#312.269
881	это	это	PRON	_	Animacy=Inan|Case=Acc|Gender=Neut|Number=Sing	_	_	_	@iag1988f_words#@iag1988f#312.269#312.646
882	невозможно	невозможный	ADJ	_	Degree=Pos|Gender=Neut|Number=Sing|Variant=Short	_	_	_	@iag1988f_words#@iag1988f#312.646#313.023
883	повторить	повторить	VERB	_	Aspect=Perf|VerbForm=Inf|Voice=Act	_	_	_	@iag1988f_words#@iag1988f#313.023#313.41
884	да	да	CCONJ	_	_	_	_	_	@iag1988f_words#@iag1988f#315.71#315.968
885	да	да	PART	_	_	_	_	_	@iag1988f_words#@iag1988f#315.968#316.226
886	д	д	PART	_	_	_	_	_	@iag1988f_words#@iag1988f#316.226#316.484
887	а	а	CCONJ	_	_	_	_	_	@iag1988f_words#@iag1988f#316.484#316.742
888	да	да	CCONJ	_	_	_	_	_	@iag1988f_words#@iag1988f#316.742#317.0
889	слушай	слушать	VERB	_	Aspect=Imp|Mood=Imp|Number=Sing|Person=2|VerbForm=Fin|Voice=Act	_	_	_	@iag1988f_words#@iag1988f#318.54#318.965
890	у	у	ADP	_	_	_	_	_	@iag1988f_words#@iag1988f#318.965#319.39
891	нее	она	PRON	_	Case=Gen|Gender=Fem|Number=Sing|Person=3	_	_	_	@iag1988f_words#@iag1988f#319.39#319.815
892	очень	очень	ADV	_	Degree=Pos	_	_	_	@iag1988f_words#@iag1988f#319.815#320.24
893	много	много	ADV	_	Degree=Pos	_	_	_	@iag1988f_words#@iag1988f#320.24#320.665
894	/	/	PUNCT	_	_	_	_	_	@iag1988f_words#@iag1988f#320.665#321.09
895	фильмов	фильм	NOUN	_	Animacy=Inan|Case=Gen|Gender=Masc|Number=Plur	_	_	_	@iag1988f_words#@iag1988f#321.09#321.515
896	/	/	PUNCT	_	_	_	_	_	@iag1988f_words#@iag1988f#321.515#321.94
897	ну	ну	PART	_	_	_	_	_	@iag1988f_words#@iag1988f#321.94#322.365
898	там	там	ADV	_	Degree=Pos	_	_	_	@iag1988f_words#@iag1988f#322.365#322.79
899	После	после	PROPN	_	_	_	_	_	@iag1988f_words#@iag1988f#322.79#323.215
900	прочтения	прочтение	PROPN	_	Animacy=Inan|Case=Gen|Gender=Neut|Number=Sing	_	_	_	@iag1988f_words#@iag1988f#323.215#323.64
901	сжечь'	сжечь	PROPN	_	Aspect=Perf|VerbForm=Inf|Voice=Act	_	_	_	@iag1988f_words#@iag1988f#323.64#324.065
902	/	/	PUNCT	_	_	_	_	_	@iag1988f_words#@iag1988f#324.065#324.49
903	'Фарго'	'фарго'	PROPN	_	Animacy=Inan|Case=Nom|Gender=Masc|Number=Sing	_	_	_	@iag1988f_words#@iag1988f#324.49#324.92
904	с	с	ADP	_	_	_	_	_	@iag1988f_words#@iag1988f#325.047#325.368
905	ней	она	PRON	_	Case=Ins|Gender=Fem|Number=Sing|Person=3	_	_	_	@iag1988f_words#@iag1988f#325.368#325.689
906	есть	быть	AUX	_	Aspect=Imp|Mood=Ind|Number=Sing|Person=3|Tense=Pres|VerbForm=Fin|Voice=Act	_	_	_	@iag1988f_words#@iag1988f#325.689#326.01
907	сериал	сериал	NOUN	_	Animacy=Inan|Case=Nom|Gender=Masc|Number=Sing	_	_	_	@iag1988f_words#@iag1988f#326.01#326.331
908	называется	называться	VERB	_	Aspect=Imp|Mood=Ind|Number=Sing|Person=3|Tense=Pres|VerbForm=Fin|Voice=Mid	_	_	_	@iag1988f_words#@iag1988f#326.331#326.652
909	/	/	PUNCT	_	_	_	_	_	@iag1988f_words#@iag1988f#326.652#326.973
910	Что	что	PRON	_	Case=Acc	_	_	_	@iag1988f_words#@iag1988f#326.973#327.294
911	знает	знать	VERB	_	Aspect=Imp|Mood=Ind|Number=Sing|Person=3|Tense=Pres|VerbForm=Fin|Voice=Act	_	_	_	@iag1988f_words#@iag1988f#327.294#327.615
912	Оливия'	Оливия'	PROPN	_	Animacy=Anim|Case=Nom|Gender=Fem|Number=Sing	_	_	_	@iag1988f_words#@iag1988f#327.615#327.936
913	/	/	PUNCT	_	_	_	_	_	@iag1988f_words#@iag1988f#327.936#328.257
914	этоо	это	PRON	_	Animacy=Inan|Case=Nom|Gender=Neut|Number=Sing	_	_	_	@iag1988f_words#@iag1988f#328.257#328.578
915	/	/	PUNCT	_	_	_	_	_	@iag1988f_words#@iag1988f#328.578#328.899
916	сериал	сериал	NOUN	_	Animacy=Inan|Case=Nom|Gender=Masc|Number=Sing	_	_	_	@iag1988f_words#@iag1988f#328.899#329.22
917	из	из	ADP	_	_	_	_	_	@iag1988f_words#@iag1988f#329.22#329.541
918	четырех	четыре	NUM	_	Case=Gen	_	_	_	@iag1988f_words#@iag1988f#329.541#329.862
919	серий	серия	NOUN	_	Animacy=Inan|Case=Gen|Gender=Fem|Number=Plur	_	_	_	@iag1988f_words#@iag1988f#329.862#330.183
920	/	/	PUNCT	_	_	_	_	_	@iag1988f_words#@iag1988f#330.183#330.504
921	и	и	CCONJ	_	_	_	_	_	@iag1988f_words#@iag1988f#330.504#330.825
922	мне	я	PRON	_	Case=Dat|Number=Sing|Person=1	_	_	_	@iag1988f_words#@iag1988f#330.825#331.146
923	кажется	казаться	VERB	_	Aspect=Imp|Mood=Ind|Number=Sing|Person=3|Tense=Pres|VerbForm=Fin|Voice=Mid	_	_	_	@iag1988f_words#@iag1988f#331.146#331.467
924	что	что	SCONJ	_	_	_	_	_	@iag1988f_words#@iag1988f#331.467#331.788
925	там	там	ADV	_	Degree=Pos	_	_	_	@iag1988f_words#@iag1988f#331.788#332.109
926	она	она	PRON	_	Case=Nom|Gender=Fem|Number=Sing|Person=3	_	_	_	@iag1988f_words#@iag1988f#332.109#332.43
927	сыграла	сыграть	VERB	_	Aspect=Perf|Gender=Fem|Mood=Ind|Number=Sing|Tense=Past|VerbForm=Fin|Voice=Act	_	_	_	@iag1988f_words#@iag1988f#332.43#332.751
928	гораздо	гораздо	ADV	_	Degree=Pos	_	_	_	@iag1988f_words#@iag1988f#332.751#333.072
929	круче	круто	ADV	_	Degree=Cmp	_	_	_	@iag1988f_words#@iag1988f#333.072#333.393
930	чем	чем	SCONJ	_	_	_	_	_	@iag1988f_words#@iag1988f#333.393#333.714
931	даже	даже	PART	_	_	_	_	_	@iag1988f_words#@iag1988f#333.714#334.035
932	в	в	ADP	_	_	_	_	_	@iag1988f_words#@iag1988f#334.035#334.356
933	Биллбордах	Биллборд	PROPN	_	Animacy=Inan|Case=Loc|Gender=Masc|Number=Plur	_	_	_	@iag1988f_words#@iag1988f#334.356#334.677
934	/	/	PUNCT	_	_	_	_	_	@iag1988f_words#@iag1988f#334.677#334.998
935	то	то	PRON	_	Animacy=Inan|Case=Nom|Gender=Neut|Number=Sing	_	_	_	@iag1988f_words#@iag1988f#334.998#335.319
936	есть	быть	VERB	_	Aspect=Imp|Mood=Ind|Number=Sing|Person=3|Tense=Pres|VerbForm=Fin|Voice=Act	_	_	_	@iag1988f_words#@iag1988f#335.319#335.64
937	просто	просто	ADV	_	Degree=Pos	_	_	_	@iag1988f_words#@iag1988f#335.64#335.961
938	/	/	PUNCT	_	_	_	_	_	@iag1988f_words#@iag1988f#335.961#336.282
939	прям	прям	ADJ	_	Degree=Pos|Gender=Masc|Number=Sing|Variant=Short	_	_	_	@iag1988f_words#@iag1988f#336.282#336.603
940	/	/	PUNCT	_	_	_	_	_	@iag1988f_words#@iag1988f#336.603#336.924
941	нереально	нереально	ADV	_	Degree=Pos	_	_	_	@iag1988f_words#@iag1988f#336.924#337.245
942	круто	крутой	ADJ	_	Degree=Pos|Gender=Neut|Number=Sing|Variant=Short	_	_	_	@iag1988f_words#@iag1988f#337.245#337.566
943	/	/	PUNCT	_	_	_	_	_	@iag1988f_words#@iag1988f#337.566#337.887
944	она	она	PRON	_	Case=Nom|Gender=Fem|Number=Sing|Person=3	_	_	_	@iag1988f_words#@iag1988f#337.887#338.208
945	сыграла	сыграть	VERB	_	Aspect=Perf|Gender=Fem|Mood=Ind|Number=Sing|Tense=Past|VerbForm=Fin|Voice=Act	_	_	_	@iag1988f_words#@iag1988f#338.208#338.529
946	там	там	ADV	_	Degree=Pos	_	_	_	@iag1988f_words#@iag1988f#338.529#338.857
947	слушай	слушать	VERB	_	Aspect=Imp|Mood=Imp|Number=Sing|Person=2|VerbForm=Fin|Voice=Act	_	_	_	@iag1988f_words#@iag1988f#340.157#340.502
948	/	/	PUNCT	_	_	_	_	_	@iag1988f_words#@iag1988f#340.502#340.847
949	Мерил	Мерил	PROPN	_	Animacy=Anim|Case=Nom|Gender=Masc|Number=Sing	_	_	_	@iag1988f_words#@iag1988f#340.847#341.192
950	Стрип	Стрип	PROPN	_	Animacy=Anim|Case=Nom|Gender=Masc|Number=Sing	_	_	_	@iag1988f_words#@iag1988f#341.192#341.537
951	мне	я	PRON	_	Case=Dat|Number=Sing|Person=1	_	_	_	@iag1988f_words#@iag1988f#341.537#341.882
952	кажется	казаться	VERB	_	Aspect=Imp|Mood=Ind|Number=Sing|Person=3|Tense=Pres|VerbForm=Fin|Voice=Mid	_	_	_	@iag1988f_words#@iag1988f#341.882#342.227
953	вообще	вообще	ADV	_	Degree=Pos	_	_	_	@iag1988f_words#@iag1988f#342.227#342.572
954	какой	какой	DET	_	Case=Acc|Gender=Masc|Number=Sing	_	_	_	@iag1988f_words#@iag1988f#342.572#342.917
955	фильм	фильм	NOUN	_	Animacy=Inan|Case=Acc|Gender=Masc|Number=Sing	_	_	_	@iag1988f_words#@iag1988f#342.917#343.262
956	с	с	ADP	_	_	_	_	_	@iag1988f_words#@iag1988f#343.262#343.607
957	ней	она	PRON	_	Case=Ins|Gender=Fem|Number=Sing|Person=3	_	_	_	@iag1988f_words#@iag1988f#343.607#343.952
958	ни	ни	PART	_	_	_	_	_	@iag1988f_words#@iag1988f#343.952#344.297
959	возьмешь	взять	VERB	_	Aspect=Perf|Mood=Ind|Number=Sing|Person=2|Tense=Fut|VerbForm=Fin|Voice=Act	_	_	_	@iag1988f_words#@iag1988f#344.297#344.642
960	она	она	PRON	_	Case=Nom|Gender=Fem|Number=Sing|Person=3	_	_	_	@iag1988f_words#@iag1988f#344.642#344.987
961	настолько	настолько	ADV	_	Degree=Pos	_	_	_	@iag1988f_words#@iag1988f#344.987#345.332
962	эталон	эталон	NOUN	_	Animacy=Inan|Case=Acc|Gender=Masc|Number=Sing	_	_	_	@iag1988f_words#@iag1988f#345.332#345.677
963	качества	качество	NOUN	_	Animacy=Inan|Case=Acc|Gender=Neut|Number=Sing	_	_	_	@iag1988f_words#@iag1988f#345.677#346.022
964	/	/	PUNCT	_	_	_	_	_	@iag1988f_words#@iag1988f#346.022#346.367
965	то	то	PRON	_	Animacy=Inan|Case=Nom|Gender=Neut|Number=Sing	_	_	_	@iag1988f_words#@iag1988f#346.367#346.712
966	есть	быть	VERB	_	Aspect=Imp|Mood=Ind|Number=Sing|Person=3|Tense=Pres|VerbForm=Fin|Voice=Act	_	_	_	@iag1988f_words#@iag1988f#346.712#347.057
967	типо	типо	ADV	_	Degree=Pos	_	_	_	@iag1988f_words#@iag1988f#347.057#347.402
968	актриса	актриса	NOUN	_	Animacy=Anim|Case=Nom|Gender=Fem|Number=Sing	_	_	_	@iag1988f_words#@iag1988f#347.402#347.747
969	которая	который	PRON	_	Case=Nom	_	_	_	@iag1988f_words#@iag1988f#347.747#348.092
970	/	/	PUNCT	_	_	_	_	_	@iag1988f_words#@iag1988f#348.092#348.437
971	с	с	ADP	_	_	_	_	_	@iag1988f_words#@iag1988f#348.437#348.782
972	молодости	молодость	NOUN	_	Animacy=Inan|Case=Gen|Gender=Fem|Number=Sing	_	_	_	@iag1988f_words#@iag1988f#348.782#349.127
973	/	/	PUNCT	_	_	_	_	_	@iag1988f_words#@iag1988f#349.127#349.472
974	идет	идти	VERB	_	Aspect=Imp|Mood=Ind|Number=Sing|Person=3|Tense=Pres|VerbForm=Fin|Voice=Act	_	_	_	@iag1988f_words#@iag1988f#349.472#349.817
975	вот	вот	PART	_	_	_	_	_	@iag1988f_words#@iag1988f#349.817#350.162
976	так	так	ADV	_	Degree=Pos	_	_	_	@iag1988f_words#@iag1988f#350.162#350.507
977	вот	вот	PART	_	_	_	_	_	@iag1988f_words#@iag1988f#350.507#350.852
978	и	и	PART	_	_	_	_	_	@iag1988f_words#@iag1988f#350.852#351.197
979	первый	первый	ADJ	_	Animacy=Inan|Case=Acc|Degree=Pos|Gender=Masc|Number=Sing	_	_	_	@iag1988f_words#@iag1988f#351.197#351.542
980	фильм	фильм	NOUN	_	Animacy=Inan|Case=Nom|Gender=Masc|Number=Sing	_	_	_	@iag1988f_words#@iag1988f#351.542#351.887
981	который	который	PRON	_	Case=Nom	_	_	_	@iag1988f_words#@iag1988f#351.887#352.232
982	для	для	ADP	_	_	_	_	_	@iag1988f_words#@iag1988f#352.232#352.577
983	меня	я	PRON	_	Case=Gen|Number=Sing|Person=1	_	_	_	@iag1988f_words#@iag1988f#352.577#352.922
984	вот	вот	PART	_	_	_	_	_	@iag1988f_words#@iag1988f#352.922#353.267
985	стал	стать	VERB	_	Aspect=Perf|Gender=Masc|Mood=Ind|Number=Sing|Tense=Past|VerbForm=Fin|Voice=Act	_	_	_	@iag1988f_words#@iag1988f#353.267#353.612
986	знаешь	знать	VERB	_	Aspect=Imp|Mood=Ind|Number=Sing|Person=2|Tense=Pres|VerbForm=Fin|Voice=Act	_	_	_	@iag1988f_words#@iag1988f#353.612#353.957
987	каким-то	какой-то	DET	_	Case=Ins|Gender=Masc|Number=Sing	_	_	_	@iag1988f_words#@iag1988f#353.957#354.302
988	таким	такой	DET	_	Case=Ins|Gender=Masc|Number=Sing	_	_	_	@iag1988f_words#@iag1988f#354.302#354.647
989	/	/	PUNCT	_	_	_	_	_	@iag1988f_words#@iag1988f#354.647#354.992
990	с	с	ADP	_	_	_	_	_	@iag1988f_words#@iag1988f#354.992#355.337
991	ней	она	PRON	_	Case=Ins|Gender=Fem|Number=Sing|Person=3	_	_	_	@iag1988f_words#@iag1988f#355.337#355.682
992	/	/	PUNCT	_	_	_	_	_	@iag1988f_words#@iag1988f#355.682#356.027
993	ну	ну	PART	_	_	_	_	_	@iag1988f_words#@iag1988f#356.027#356.372
994	как	как	ADV	_	Degree=Pos	_	_	_	@iag1988f_words#@iag1988f#356.372#356.717
996	бы	бы	PART	_	_	_	_	_	@iag1988f_words#@iag1988f#357.062#357.407
997	/	/	PUNCT	_	_	_	_	_	@iag1988f_words#@iag1988f#357.407#357.752
999	вот	вот	PART	_	_	_	_	_	@iag1988f_words#@iag1988f#358.097#358.442
1000	в	в	ADP	_	_	_	_	_	@iag1988f_words#@iag1988f#358.442#358.787
1001	этом	этот	DET	_	Case=Loc|Gender=Masc|Number=Sing	_	_	_	@iag1988f_words#@iag1988f#358.787#359.132
1002	фильме	фильм	NOUN	_	Animacy=Inan|Case=Loc|Gender=Masc|Number=Sing	_	_	_	@iag1988f_words#@iag1988f#359.132#359.477
1003	когда	когда	SCONJ	_	_	_	_	_	@iag1988f_words#@iag1988f#359.477#359.822
1004	я	я	PRON	_	Case=Nom|Number=Sing|Person=1	_	_	_	@iag1988f_words#@iag1988f#359.822#360.167
1005	ее	она	PRON	_	Case=Acc|Gender=Fem|Number=Sing|Person=3	_	_	_	@iag1988f_words#@iag1988f#360.167#360.512
1006	увидела	увидеть	VERB	_	Aspect=Perf|Gender=Fem|Mood=Ind|Number=Sing|Tense=Past|VerbForm=Fin|Voice=Act	_	_	_	@iag1988f_words#@iag1988f#360.512#360.857
1007	вот	вот	PART	_	_	_	_	_	@iag1988f_words#@iag1988f#360.857#361.202
1008	меня	я	PRON	_	Case=Acc|Number=Sing|Person=1	_	_	_	@iag1988f_words#@iag1988f#361.202#361.547
1009	прям	прям	ADV	_	Degree=Pos	_	_	_	@iag1988f_words#@iag1988f#361.547#361.892
1010	просто	просто	PART	_	_	_	_	_	@iag1988f_words#@iag1988f#361.892#362.237
1011	все	весь	DET	_	Case=Acc|Gender=Neut|Number=Sing	_	_	_	@iag1988f_words#@iag1988f#362.237#362.582
1012	я	я	PRON	_	Case=Nom|Number=Sing|Person=1	_	_	_	@iag1988f_words#@iag1988f#362.582#362.927
1013	поняла	понять	VERB	_	Aspect=Perf|Gender=Fem|Mood=Ind|Number=Sing|Tense=Past|VerbForm=Fin|Voice=Act	_	_	_	@iag1988f_words#@iag1988f#362.927#363.272
1014	что	что	SCONJ	_	_	_	_	_	@iag1988f_words#@iag1988f#363.272#363.617
1017	это	это	PRON	_	Animacy=Inan|Case=Nom|Gender=Neut|Number=Sing	_	_	_	@iag1988f_words#@iag1988f#364.307#364.652
1018	вышак	вышак	NOUN	_	Animacy=Inan|Case=Nom|Gender=Masc|Number=Sing	_	_	_	@iag1988f_words#@iag1988f#364.652#364.997
1019	/	/	PUNCT	_	_	_	_	_	@iag1988f_words#@iag1988f#364.997#365.342
1020	это	это	PRON	_	Animacy=Inan|Case=Nom|Gender=Neut|Number=Sing	_	_	_	@iag1988f_words#@iag1988f#365.342#365.687
1021	Крамер	Крамер	PROPN	_	Animacy=Anim|Case=Nom|Gender=Masc|Number=Sing	_	_	_	@iag1988f_words#@iag1988f#365.687#366.032
1022	против	против	ADP	_	_	_	_	_	@iag1988f_words#@iag1988f#366.032#366.377
1023	Крамера	Крамер	PROPN	_	Animacy=Anim|Case=Gen|Gender=Masc|Number=Sing	_	_	_	@iag1988f_words#@iag1988f#366.377#366.322
1024	/	/	PUNCT	_	_	_	_	_	@iag1988f_words#@iag1988f#366.722#367.067
1025	и	и	CCONJ	_	_	_	_	_	@iag1988f_words#@iag1988f#367.067#367.412
1026	там	там	ADV	_	Degree=Pos	_	_	_	@iag1988f_words#@iag1988f#367.412#367.757
1027	у	у	ADP	_	_	_	_	_	@iag1988f_words#@iag1988f#367.757#368.102
1028	нее	она	PRON	_	Case=Gen|Gender=Fem|Number=Sing|Person=3	_	_	_	@iag1988f_words#@iag1988f#368.102#368.447
1029	вообще	вообще	ADV	_	Degree=Pos	_	_	_	@iag1988f_words#@iag1988f#368.447#368.792
1030	небольшая	небольшой	ADJ	_	Case=Nom|Degree=Pos|Gender=Fem|Number=Sing	_	_	_	@iag1988f_words#@iag1988f#368.792#369.137
1031	роль	роль	NOUN	_	Animacy=Inan|Case=Nom|Gender=Fem|Number=Sing	_	_	_	@iag1988f_words#@iag1988f#369.137#369.482
1032	но	но	CCONJ	_	_	_	_	_	@iag1988f_words#@iag1988f#369.482#369.827
1033	/	/	PUNCT	_	_	_	_	_	@iag1988f_words#@iag1988f#369.827#370.172
1034	там	там	ADV	_	Degree=Pos	_	_	_	@iag1988f_words#@iag1988f#370.172#370.517
1035	есть	быть	VERB	_	Aspect=Imp|Mood=Ind|Number=Sing|Person=3|Tense=Pres|VerbForm=Fin|Voice=Act	_	_	_	@iag1988f_words#@iag1988f#370.517#370.862
1036	пару	пара	NOUN	_	Animacy=Inan|Case=Nom|Gender=Fem|Number=Sing	_	_	_	@iag1988f_words#@iag1988f#370.862#371.207
1037	сцен	сцена	NOUN	_	Animacy=Inan|Case=Gen|Gender=Fem|Number=Plur	_	_	_	@iag1988f_words#@iag1988f#371.207#371.552
1038	/	/	PUNCT	_	_	_	_	_	@iag1988f_words#@iag1988f#371.552#371.897
1039	которые	который	PRON	_	Case=Acc	_	_	_	@iag1988f_words#@iag1988f#371.897#372.242
1040	ну	ну	PART	_	_	_	_	_	@iag1988f_words#@iag1988f#372.242#372.587
1041	глядя	глядеть	VERB	_	Aspect=Imp|Tense=Pres|VerbForm=Conv|Voice=Act	_	_	_	@iag1988f_words#@iag1988f#372.587#372.932
1042	на	на	ADP	_	_	_	_	_	@iag1988f_words#@iag1988f#372.932#373.277
1043	которые	который	PRON	_	Case=Acc	_	_	_	@iag1988f_words#@iag1988f#373.277#373.622
1044	ты	ты	PRON	_	Case=Nom|Number=Sing|Person=2	_	_	_	@iag1988f_words#@iag1988f#373.622#373.967
1045	просто	просто	PART	_	_	_	_	_	@iag1988f_words#@iag1988f#373.967#374.312
1046	их	они	PRON	_	Case=Acc|Number=Plur|Person=3	_	_	_	@iag1988f_words#@iag1988f#374.312#374.657
1047	перематываешь	перематывать	VERB	_	Aspect=Imp|Mood=Ind|Number=Sing|Person=2|Tense=Pres|VerbForm=Fin|Voice=Act	_	_	_	@iag1988f_words#@iag1988f#374.657#375.002
1048	чтобы	чтобы	SCONJ	_	Mood=Cnd	_	_	_	@iag1988f_words#@iag1988f#375.002#375.347
1049	пересматривать	пересматривать	VERB	_	Aspect=Imp|VerbForm=Inf|Voice=Act	_	_	_	@iag1988f_words#@iag1988f#375.347#375.692
1050	потому	потому	ADV	_	Degree=Pos	_	_	_	@iag1988f_words#@iag1988f#375.692#376.037
1051	что	что	SCONJ	_	_	_	_	_	@iag1988f_words#@iag1988f#376.037#376.382
1052	ну	ну	PART	_	_	_	_	_	@iag1988f_words#@iag1988f#376.382#376.727
1053	то	то	PRON	_	Animacy=Inan|Case=Nom|Gender=Neut|Number=Sing	_	_	_	@iag1988f_words#@iag1988f#376.727#377.072
1054	есть	быть	VERB	_	Aspect=Imp|Mood=Ind|Number=Sing|Person=3|Tense=Pres|VerbForm=Fin|Voice=Act	_	_	_	@iag1988f_words#@iag1988f#377.072#377.417
1055	ее	ее	DET	_	_	_	_	_	@iag1988f_words#@iag1988f#377.417#377.762
1056	игра	игра	NOUN	_	Animacy=Inan|Case=Nom|Gender=Fem|Number=Sing	_	_	_	@iag1988f_words#@iag1988f#377.762#378.107
1057	это	это	PRON	_	Animacy=Inan|Case=Nom|Gender=Neut|Number=Sing	_	_	_	@iag1988f_words#@iag1988f#378.107#378.452
1058	ну	ну	PART	_	_	_	_	_	@iag1988f_words#@iag1988f#378.452#378.837